headword,pos,freq_rank
the,art.,1
be,v.,2
and,conj.,3
of,prep.,4
a,art.,5
in,prep./adv./adj./n.,6
to,prep./adv.,7
have,v./aux.,8
it,pron.,10
that,adj./conj./pron./adv.,12
for,prep./conj.,13
you,pron.,14
he,pron./n.,15
with,prep.,16
on,prep./adv./adj.,17
do,v.,18
say,v./n.,19
this,pron./adj./adv.,20
they,pron.,21
at,prep.,22
but,prep./conj./adv.,23
we,pron.,24
his,pron.,25
from,prep.,26
not,adv.,28
by,prep./adv.,30
she,pron.,31
or,conj.,32
as,adv./prep./conj.,33
what,pron./int./adj./adv.,34
go,v./n.,35
their,pron.,36
can,v./n./aux.,37
who,pron.,38
get,v./n.,39
if,conj./n.,40
would,aux.,41
her,pron.,42
all,adj./adv./pron./n.,43
my,pron.,44
make,v./n.,45
about,prep./adv.,46
know,v.,47
will,n./v./aux.,48
up,adj./adv./prep.,50
one,n./pron./num./adj.,51
time,n./v./adj.,52
there,adv.,53
year,n.,54
so,adv./conj./pron.,55
think,v./n./adj.,56
when,conj./adv./pron./n.,57
which,pron.,58
them,pron.,59
some,pron./adv./adj.,60
me,pron.,61
people,n./v.,62
take,v./n.,63
out,adj./adv./prep.,64
into,prep.,65
just,adj./adv.,66
see,v./n.,67
him,pron.,68
your,pron.,69
come,v./int.,70
now,adv./n./adj./conj.,72
than,conj./prep.,73
like,adj./v./n./prep./adv.,74
other,adj./pron.,75
how,adv./n.,76
then,adv./conj./n.,77
its,pron.,78
our,pron.,79
two,num.,80
these,pron.,82
want,n./v.,83
way,n./adv.,84
look,n./v.,85
first,adv./adj./num./n.,86
also,adv.,87
new,adj.,88
because,conj.,89
day,n.,90
use,n./v.,92
no,n./adj./adv.,93
man,n./v.,94
find,v./n.,95
here,adv./n.,96
thing,n.,97
give,n./v.,98
many,n./adj./pron.,99
well,n./v./adj./adv./int.,100
only,adj./adv./conj.,101
those,pron.,102
tell,v.,103
very,adj./adv.,105
even,adj./v./adv./n.,107
back,adj./v./adv./n.,108
any,adj./pron.,109
good,n./adj.,110
woman,n./adj./v.,111
through,adv./prep./adj.,112
life,n.,114
child,n.,115
work,n./v.,117
down,adj./adv./prep./n.,118
may,n./aux.,119
after,prep./conj./adv.,120
should,aux.,121
call,n./v.,122
world,n.,123
over,adv./prep./adj./v.,124
school,n./v.,125
still,n./v./adj./adv./conj.,126
try,n./v.,127
last,adj./v./adv./n.,130
ask,v.,131
need,n./v./aux.,132
too,adv.,133
feel,v./n.,134
three,num.,135
state,n./adj./v.,137
never,adv.,138
become,v.,139
between,prep.,140
high,n./adj./adv.,141
something,pron.,142
most,n./adj./adv.,144
another,adj./pron.,145
much,n./adj./adv.,146
family,n./adj.,147
own,n./adj./v.,148
leave,n./v.,150
put,v./n./adj.,151
old,n./adj.,152
while,n./conj./v.,153
mean,adj./v./n.,154
keep,n./v.,156
student,n.,157
why,adv./n.,158
let,v./n.,159
great,adj./adv./n.,160
same,adj./pron./adv.,161
big,adj./adv.,162
group,n./v.,163
begin,v.,164
seem,v.,165
country,n./adj.,166
help,n./v.,167
talk,n./v.,168
where,adv./pron./n.,169
turn,n./v.,170
problem,n./adj.,171
every,adj.,172
start,n./v.,173
hand,n./v.,174
might,n./aux.,175
show,n./v.,177
part,n./v./adj./adv.,178
against,prep.,180
place,n./v.,181
such,adj.,183
again,adv.,184
few,adj./n.,185
case,n./v.,186
week,n.,188
company,n./v.,189
system,n.,191
each,adj./adv./pron.,192
right,n./adj./adv./v.,193
hear,v.,195
question,n./v.,197
during,prep.,198
play,n./v.,200
government,n.,201
run,n./v./adj.,202
small,adj./adv./n.,203
number,n./v.,204
off,adj./adv./prep./v./n.,205
always,adv.,206
move,n./v.,207
night,n.,209
live,adj./v./adv.,210
point,n./v.,211
believe,v.,212
hold,n./v.,213
today,n./adv.,214
bring,v.,215
happen,v.,216
next,n./adj./adv.,217
without,prep./adv./n.,218
before,prep./conj./adv.,219
large,adj./adv.,220
million,n./num.,222
home,n./adj./adv.,224
under,prep./adj./adv.,225
water,n./v./adj.,226
room,n./v.,227
write,v.,228
mother,n./v.,229
area,n.,230
national,adj.,231
money,n.,232
story,n.,233
young,adj./n.,234
fact,n.,235
month,n.,236
different,adj.,237
lot,n./v.,238
study,n./v.,240
book,n./v.,241
eye,n./v.,242
job,n./v.,243
word,n./v.,244
though,adv./conj.,245
business,n.,246
four,num.,247
side,n./adj./v.,249
kind,n./adj.,250
head,n./v./adj.,251
far,adj./adv.,252
black,n./adj.,253
long,adj./v./adv./n.,254
both,adj./adv./pron.,255
little,n./adj./adv.,256
house,n./v.,257
yes,adv./n./v.,258
since,prep./adv./conj.,260
provide,v.,262
service,n./v./adj.,263
around,prep./adv.,264
friend,n.,265
important,adj.,266
father,n./v.,267
sit,v./n.,268
away,adv.,269
until,prep./conj.,270
power,n./v.,271
hour,n.,272
game,n./v./adj.,273
often,adv.,274
yet,adv./conj.,275
line,n./v.,276
political,adj.,277
end,n./v.,278
among,prep.,279
ever,adv.,280
stand,n./v.,281
bad,adj./n./adv.,282
lose,v.,283
however,adv./conj.,284
member,n.,285
pay,n./v.,286
law,n./v.,287
meet,n./adj./v.,288
car,n.,289
city,n.,290
almost,adv.,291
include,v.,292
continue,v.,293
set,n./v./adj.,294
later,adv.,295
name,n./v./adj.,298
five,num.,299
once,adv./conj./n./adj.,300
white,n./adj.,301
least,n./adj./adv.,302
president,n.,303
learn,v.,304
real,adj./n./adv.,305
change,n./v.,306
team,n./v.,307
minute,n./v./adj.,308
several,adj./pron.,310
idea,n.,311
kid,n./adj./v.,312
information,n.,314
nothing,n./adv./int.,315
ago,adv.,316
lead,n./v./adj.,318
social,adj./n.,319
understand,v.,320
whether,conj./pron.,321
watch,n./v.,323
together,adv.,324
follow,v./n.,325
centre,n./adj./v.,327
parent,n.,327
stop,n./v.,329
face,n./v.,330
anything,pron.,331
create,v.,332
public,n./adj.,333
already,adv.,334
speak,v.,335
read,v./adj./n.,337
level,n./adj./v.,338
allow,v.,339
add,v.,340
office,n.,341
spend,v.,342
door,n.,343
health,n.,344
person,n.,345
art,n.,346
sure,adj./adv.,347
war,n./v./adj.,349
history,n.,350
party,n./v.,351
within,n./adv./prep.,352
grow,v.,353
result,n./v.,354
open,n./adj./v.,355
morning,n.,357
walk,n./v.,358
reason,n./v.,359
low,n./adj./adv./v.,360
programme,n./v.,360
win,v./n.,361
research,n./v.,362
girl,n.,363
early,adj./adv.,365
food,n.,366
himself,pron.,367
moment,n.,369
air,n./v.,370
teacher,n.,371
force,n./v.,372
offer,n./v.,373
enough,n./adj./adv./int.,374
education,n.,376
across,prep./adv.,377
although,conj.,378
remember,v.,379
foot,n./v.,380
second,n./adj./num./v.,381
boy,n.,382
maybe,adv./n.,383
toward,prep./adj.,384
able,adj.,385
age,n./v.,386
policy,n.,388
everything,pron.,389
love,n./v.,390
process,n./v./adj.,391
music,n.,392
consider,v.,394
appear,v.,395
buy,v./n.,397
probably,adv.,398
human,n./adj.,399
wait,n./v.,400
serve,v./n.,401
market,n./v.,402
die,v./n.,403
send,v./n.,404
expect,v.,405
sense,n./v.,407
build,v./n.,408
stay,n./v.,409
fall,n./v./adj.,410
oh,int.,411
nation,n.,412
plan,n./v.,413
cut,n./adj./v.,414
college,n.,415
interest,n./v.,416
death,n.,417
course,n./v.,418
someone,pron.,419
experience,n./v.,420
behind,adv./prep.,421
reach,n./v.,422
local,adj./n.,423
six,num.,424
kill,n./v.,425
remain,v.,426
effect,n./v.,427
suggest,v.,430
class,n./v.,431
control,n./v.,432
raise,n./v.,433
care,n./v.,434
perhaps,adv.,435
late,adj./adv.,437
hard,adj./adv.,438
field,n./v./adj.,439
else,adj./adv.,440
pass,n./v.,441
former,adj./n.,442
sell,v./n.,443
major,n./adj./v.,444
sometimes,adv.,445
require,v.,446
along,adv./prep.,447
development,n.,448
themselves,pron.,449
report,n./v.,450
role,n.,451
better,adj./adv.,452
effort,n.,454
decide,v.,456
rate,n./v.,457
strong,adj./adv.,458
possible,adj./n.,459
heart,n./v.,460
drug,n./v.,461
leader,n.,463
light,n./adj./v./adv.,464
voice,n./v.,465
wife,n.,466
whole,n./adj.,467
police,n./v.,468
mind,n./v.,469
pull,v./n.,471
return,n./adj./v.,472
free,adj./v./adv.,473
price,n./v.,475
less,n./adj./adv.,477
decision,n.,479
explain,v.,480
son,n.,481
hope,n./v.,482
develop,v.,484
view,n./v.,485
relationship,n.,486
carry,n./v.,487
town,n.,488
road,n.,489
drive,n./v.,490
arm,n./v.,491
true,adj./n./adv.,492
break,n./v.,494
difference,n.,496
receive,v.,497
thank,n./v.,498
value,n./v.,499
international,adj./n.,500
building,n.,501
action,n./v.,502
full,n./adj./adv./v.,503
model,n./adj./v.,504
join,v./n.,505
season,n./v.,506
society,n.,507
tax,n./v.,509
director,n.,510
position,n./v.,512
player,n.,513
agree,v.,514
especially,adv.,515
record,n./v./adj.,516
pick,n./v.,517
wear,n./v.,518
paper,n./v./adj.,519
special,n./adj.,520
space,n./v.,521
ground,n./adj./v.,522
form,n./v.,523
support,n./v.,524
event,n.,525
official,n./adj.,526
whose,pron.,527
matter,n./v.,528
everyone,pron.,529
couple,n./v.,531
project,n./v.,534
hit,n./v.,535
base,n./v./adj.,536
activity,n.,537
star,n./v.,538
table,n./v.,539
court,n./v.,541
produce,n./v.,542
eat,v.,543
teach,v.,545
oil,n./v.,546
half,n./adj./adv.,547
situation,n.,548
easy,adj./adv.,549
cost,n./v.,550
industry,n.,551
figure,n./v.,552
street,n./adj.,554
itself,pron.,556
either,adj./pron./conj.,558
data,n.,559
cover,n./v.,560
quite,adv.,561
picture,n./v.,562
clear,adj./adv./v./n.,563
practice,n./v.,564
piece,n./v.,565
land,n./v.,566
recent,adj.,567
describe,v.,568
product,n.,569
doctor,n./v.,570
wall,n./adj./v.,571
patient,n./adj.,572
worker,n.,573
news,n.,574
test,n./v.,575
movie,n.,576
certain,adj.,577
personal,adj.,580
simply,adv.,583
third,num.,584
technology,n.,585
catch,n./v.,586
step,n./v.,587
baby,n.,588
computer,n.,589
type,n./v.,590
attention,n.,591
draw,v./n.,592
film,n./v.,593
organization,n.,595
tree,n./v.,596
red,adj./n.,598
nearly,adv.,599
choose,v.,600
cause,n./v.,601
hair,n.,602
century,n.,605
evidence,n.,606
window,n./v.,607
difficult,adj.,608
listen,v./n.,609
soon,adv.,610
culture,n./v.,611
billion,num.,612
chance,n./v.,613
brother,n.,614
period,n./adj./int.,617
summer,n./v.,619
hundred,n./num./adj.,621
available,adj.,622
plant,n./v.,623
likely,adj./adv.,624
term,n./v.,626
short,adj./adv./n./v.,627
letter,n./v.,628
condition,n./v.,629
choice,n./adj.,630
single,adj./n./v.,632
rule,n./v.,633
daughter,n./adj.,634
administration,n.,635
south,n./adj./adv./v.,636
husband,n./v.,637
floor,n./v.,639
campaign,n./v.,640
material,n./adj.,641
colour,n./v.,642
population,n.,642
medical,n./adj.,646
hospital,n.,647
church,n./v./adj.,648
close,n./adj./v./adv.,649
risk,n./v.,650
thousand,num./adj./n.,651
fire,n./v.,653
future,n./adj.,654
wrong,adj./adv.,655
anyone,pron.,659
increase,n./v.,660
security,n.,661
myself,pron.,662
bank,n.,663
certainly,adv.,664
west,n./adj./adv.,665
sport,n./adj./v.,666
board,n./v.,667
seek,v.,668
per,prep.,669
subject,n./adj./adv./v.,670
officer,n./v.,671
private,adj./n.,672
rest,n./v.,673
deal,n./v.,674
performance,n.,675
fight,n./v.,676
throw,v./n.,677
top,n./adj./v.,678
past,n./adj./prep.,680
goal,n./v.,681
bed,n./v.,683
order,n./v.,684
author,n.,685
fill,v./n.,686
represent,v.,687
focus,n./v.,688
foreign,adj.,689
drop,n./v.,690
blood,n./v.,692
upon,prep.,693
agency,n.,694
push,n./v.,695
nature,n.,696
store,n./v./adj.,700
reduce,v.,701
sound,n./adj./adv./v.,702
note,n./v.,703
fine,n./adj./v./adv.,704
near,adj./adv./prep./v.,706
movement,n.,707
page,n./v.,708
enter,v.,709
common,adj.,710
share,n./v.,711
poor,adj.,713
natural,n./adj.,715
race,n./v.,716
concern,n./v.,717
similar,adj./n.,720
hot,adj./adv.,721
language,n.,722
usually,adv.,724
dead,adj./n./adv.,726
rise,n./v.,727
animal,n.,728
decade,n.,730
article,n.,731
shoot,n./v.,732
east,n./adj./adv.,733
seven,num.,734
save,n./v./prep.,735
artist,n.,736
scene,n.,738
eight,num.,739
central,adj.,743
thus,adv.,744
treatment,n.,745
beyond,prep./adv./n.,746
happy,adj.,747
exactly,adv.,748
protect,v.,749
approach,n./v.,750
lie,n./v.,751
size,n./v./adj.,752
dog,n./v.,753
serious,adj.,755
occur,v.,756
media,n.,757
ready,n./adj./adv./v.,758
sign,n./v.,759
thought,n.,760
list,n./v.,761
simple,adj./n.,763
quality,n./adj.,764
pressure,n./v.,765
accept,v.,766
answer,n./v.,767
left,adj./adv./n.,771
meeting,n.,772
mile,n.,772
determine,v.,773
prepare,v.,774
disease,n.,775
whatever,pron.,776
success,n.,777
argue,v.,778
cup,n./v.,780
amount,n./v.,782
ability,n.,783
staff,n./adj./v.,784
indicate,v.,785
character,n.,786
growth,n.,787
loss,n.,788
degree,n.,789
wonder,n./v.,790
attack,n./v.,791
herself,pron.,792
television,n.,794
box,n./v.,795
training,n.,796
pretty,adj./adv.,797
everybody,pron.,799
trade,n./v.,800
physical,adj./n.,802
lay,v./n./adj.,803
general,n./adj.,804
feeling,n./adj.,805
standard,n./adj.,806
message,n./v.,807
fail,v./n.,808
outside,n./adj./adv.,809
arrive,v.,810
analysis,n.,811
benefit,n./v.,812
sex,n./v.,814
forward,adj./v./adv.,815
lawyer,n.,816
present,n./adj./v.,817
section,n./v.,818
glass,n./v.,820
skill,n.,821
sister,n./v.,823
professor,n.,825
operation,n.,826
crime,n.,828
stage,n./v.,829
compare,v./n.,831
authority,n.,832
miss,n./v.,833
design,n./v.,834
sort,n./v.,835
act,n./v.,837
ten,num.,838
knowledge,n.,839
gun,n.,840
station,n./v.,841
blue,n./adj./v.,842
clearly,adv.,846
discuss,v.,847
indeed,adv.,848
truth,n.,850
song,n.,851
example,n.,852
check,n./v.,854
environment,n.,855
leg,n./v.,856
dark,n./adj.,857
various,adj.,859
rather,adv.,860
laugh,n./v.,861
guess,n./v.,862
prove,v.,866
hang,n./v.,867
entire,n./adj.,868
rock,n./v.,869
forget,v.,872
remove,v./n.,876
manager,n.,877
enjoy,v.,881
network,n.,882
legal,adj.,883
religious,adj./n.,884
cold,n./adj./adv.,885
final,n./adj.,887
main,n./adj.,888
science,n.,889
green,n./adj.,890
memory,n.,891
card,n./v.,892
above,prep./adv./adj.,893
seat,n./v.,894
cell,n.,895
nice,adj.,897
trial,n./adj.,898
expert,n./adj.,899
spring,n./adj./v.,901
firm,n./adj./v./adv.,902
radio,n./v.,904
visit,n./v.,905
avoid,v.,908
imagine,v.,909
tonight,n./adv.,910
huge,adj.,911
ball,n./v.,912
yourself,pron.,915
finish,n./v.,916
theory,n.,918
respond,v.,920
statement,n.,921
charge,n./v.,923
popular,adj.,924
traditional,adj.,925
onto,prep.,926
direction,n.,928
contain,v.,931
peace,n./v.,933
pain,n./v.,937
apply,v.,938
wide,adj./adv./n.,940
measure,n./v.,941
shake,n./v.,942
fly,n./v./adj.,943
interview,n./v.,944
manage,v.,945
chair,n./v.,946
fish,n./v.,947
particular,n./adj.,948
camera,n.,949
politics,n.,951
bit,n./v.,952
perform,v.,953
weight,n./v.,954
discover,v.,956
candidate,n.,957
production,n.,959
treat,n./v.,960
evening,n.,961
trip,n./v.,962
affect,v./n.,963
inside,n./adj./adv./prep.,964
conference,n.,965
unit,n./adj.,966
style,n./v.,968
adult,n./adj.,969
worry,n./v.,970
mention,n./v.,971
range,n./v.,972
deep,adj./adv./n.,975
edge,n./v.,977
specific,n./adj.,979
trouble,n./v.,981
necessary,adj.,982
throughout,adv./prep.,983
challenge,n./v.,984
fear,n./v.,985
shoulder,n./v.,986
institution,n.,987
middle,n./adj.,988
sea,n.,989
dream,n./v.,990
bar,n./v.,991
beautiful,adj.,992
instead,adv.,994
goods,n.,995
improve,v.,995
method,n.,998
somebody,n./pron.,1000
magazine,n.,1001
hotel,n.,1002
soldier,n./v.,1003
reflect,v.,1004
heavy,adj./adv./n.,1005
bag,n./v.,1008
heat,n./v.,1009
marriage,n.,1011
tough,n./adj.,1012
sing,v./n.,1013
purpose,n./v.,1014
surface,n./adj./v.,1015
exist,v.,1016
pattern,n./v.,1017
realise,v.,1018
whom,pron.,1018
skin,n./v.,1019
agent,n.,1020
owner,n.,1021
machine,n./v.,1022
gas,n.,1023
ahead,adj./adv.,1025
generation,n.,1026
address,n./v.,1028
reality,n.,1032
coach,n./v.,1033
means,n.,1033
yard,n.,1035
beat,n./v./adj.,1036
violence,n.,1037
total,adj./v./n./adv.,1038
tend,v.,1039
discussion,n.,1041
finger,n./v.,1042
garden,n./v./adj.,1043
notice,n./v.,1044
collection,n.,1045
modern,n./adj.,1046
task,n./v.,1047
partner,n./v.,1048
civil,adj.,1050
kitchen,n.,1051
shot,n./v./adj.,1053
budget,n./v./adj.,1054
wish,n./v.,1055
painting,n.,1056
scientist,n.,1057
safe,n./adj.,1058
agreement,n.,1059
mouth,n./v.,1060
capital,n./adj.,1061
nor,conj.,1062
victim,n.,1063
newspaper,n.,1064
responsibility,n.,1067
smile,n./v.,1068
score,n./v.,1070
account,n./v.,1071
interesting,adj.,1072
audience,n.,1074
rich,adj.,1075
dinner,n.,1076
recognise,v.,1077
vote,n./v.,1078
western,n./adj.,1079
relate,v.,1080
travel,n./v.,1081
debate,n./v.,1082
prevent,v.,1083
citizen,n.,1084
majority,n.,1085
none,adv./pron./adj.,1086
front,n./v.,1087
born,adj.,1088
admit,v.,1089
senior,n./adj.,1090
assume,v.,1091
wind,n./v.,1092
key,n./v.,1093
fast,adj./adv./n./v.,1096
alone,adj./adv.,1097
customer,n.,1098
suffer,v.,1099
speech,n.,1100
successful,adj.,1101
southern,n./adj.,1105
eventually,adv.,1106
university,n.,1106
fresh,adj./adv./n.,1107
forest,n./v.,1108
video,n./adj.,1109
reform,n./v.,1112
access,n./v.,1113
restaurant,n.,1114
judge,n./v.,1115
publish,v.,1116
relation,n.,1118
bird,n./v.,1122
opinion,n.,1124
credit,n./v.,1125
corner,n./v.,1127
version,n.,1130
stare,v./n.,1131
safety,n./v.,1132
troop,n./v.,1137
income,n.,1138
hurt,n./v.,1140
immediately,adv.,1142
track,n./v.,1143
basic,n./adj.,1144
strike,n./v.,1145
sky,n./v.,1147
freedom,n.,1148
plane,n./adj./v.,1150
nobody,n./pron.,1151
achieve,v.,1152
object,n./v.,1153
nine,num.,1154
attitude,n.,1155
refer,v.,1156
concept,n.,1158
powerful,adj.,1159
perfect,n./adj./v.,1160
therefore,adv.,1161
conduct,n./v.,1162
announce,v.,1163
conversation,n.,1164
examine,v.,1165
touch,n./v.,1166
please,adv./v.,1167
attend,v.,1168
variety,n.,1171
sleep,n./v.,1172
nuclear,adj.,1176
press,n./v.,1178
conflict,n./v.,1179
spirit,n./v.,1180
replace,v.,1182
encourage,v.,1184
argument,n.,1185
camp,n./v.,1188
brain,n./v.,1189
afternoon,n.,1191
weekend,n.,1193
dozen,n./adj.,1194
possibility,n.,1195
insurance,n.,1197
department,n.,1198
battle,n./v.,1199
beginning,n.,1200
date,n./v.,1201
sorry,adj.,1205
complete,adj./v.,1207
fan,n./v.,1208
stick,n./v.,1209
easily,adv.,1211
hole,n./v.,1213
status,n.,1215
normal,n./adj.,1217
ship,n./v.,1219
stone,n./v./adj.,1220
introduce,v.,1225
driver,n.,1226
attempt,n./v.,1227
spot,n./adj./v.,1228
lack,n./v.,1229
ice,n./v.,1230
boat,n./v.,1231
drink,n./v.,1232
sun,n./v.,1233
distance,n.,1235
wood,n./v.,1236
truck,n./v.,1237
handle,n./v.,1238
mountain,n.,1240
tradition,n.,1243
winter,n./adj./v.,1244
village,n./adj.,1245
refuse,v./n./adj.,1247
roll,n./v.,1249
communication,n.,1250
screen,n./v.,1252
gain,n./v.,1253
hide,n./v.,1255
gold,n./adj.,1256
club,n./v./adj.,1257
farm,n./v.,1258
potential,n./adj.,1260
independent,n./adj.,1265
district,n.,1266
shape,n./v.,1267
crowd,n./v.,1270
express,n./adj./v.,1272
apartment,n.,1273
willing,adj.,1274
strength,n.,1275
band,n./v.,1277
horse,n./v.,1279
target,n./v.,1281
prison,n./v.,1282
ride,n./v.,1283
guard,n./v.,1284
reporter,n.,1286
demand,n./v.,1287
deliver,v.,1288
text,n.,1289
tool,n./v.,1291
wild,n./adj./adv.,1292
vehicle,n.,1293
observe,v.,1294
flight,n./v.,1295
understanding,n.,1298
average,n./adj./v.,1299
advantage,n./v.,1301
quick,adj./adv./n.,1303
earn,v.,1305
pound,n./v.,1306
basis,n.,1307
bright,adj./adv.,1308
operate,v.,1309
guest,n.,1310
contribute,v.,1312
tiny,adj.,1313
block,n./v.,1314
protection,n.,1315
settle,n./v.,1316
feed,n./v.,1317
collect,v./adj./adv.,1318
identity,n.,1322
title,n./v.,1323
lesson,n.,1325
faith,n.,1326
river,n.,1327
promote,v.,1328
living,n./adj.,1329
count,v./n.,1331
unless,conj./prep.,1332
marry,v.,1333
tomorrow,n./adv.,1334
technique,n.,1335
path,n.,1336
ear,n./v.,1337
shop,n./v.,1338
folk,n./adj.,1339
principle,n.,1341
survive,v.,1342
lift,n./v.,1343
border,n./v.,1344
competition,n.,1345
jump,n./v.,1346
gather,n./v.,1347
limit,n./v.,1348
fit,n./adj./v.,1349
cry,n./v.,1351
equipment,n.,1352
worth,n./adj.,1353
associate,n./v.,1354
warm,adj./v./n.,1356
aspect,n.,1357
insist,v.,1359
failure,n.,1360
annual,n./adj.,1361
comment,n./v.,1363
affair,n.,1364
procedure,n.,1369
regular,adj./n./adv.,1370
spread,n./adj./v.,1371
chairman,n.,1372
baseball,n.,1373
soft,adj./n./adv.,1374
ignore,v.,1375
egg,n./v.,1376
belief,n.,1378
anybody,pron./n.,1380
murder,n./v.,1381
gift,n./v.,1382
religion,n.,1383
review,n./v.,1384
editor,n.,1385
coffee,n.,1388
document,n./v.,1389
speed,n./v.,1390
cross,n./adj./v.,1391
influence,n./v.,1392
commit,v.,1394
female,n./adj.,1396
youth,n.,1397
wave,n./v.,1398
afraid,adj.,1400
quarter,n./v.,1401
background,n.,1402
native,n./adj.,1403
broad,adj./adv./n.,1404
wonderful,adj.,1405
twice,adv.,1410
suit,n./v.,1411
blow,n./v.,1414
construction,n.,1415
intelligence,n.,1417
destroy,v.,1418
cook,n./v.,1419
connection,n.,1421
burn,v./n.,1422
shoe,n./v.,1423
grade,n./v.,1426
committee,n.,1428
hey,int.,1429
mistake,n./v.,1430
clothes,n.,1434
quiet,n./adj./v.,1435
dress,n./v.,1437
promise,n./v.,1438
aware,adj.,1439
function,n./v.,1442
bone,n./v.,1443
active,adj./n.,1444
chief,n./adj.,1446
combine,v./n.,1448
wine,n./v.,1449
below,prep./adv.,1450
cool,n./adj./v.,1451
bus,n.,1453
dangerous,adj.,1457
remind,v.,1458
moral,n./adj.,1459
category,n.,1461
victory,n.,1463
theatre,n.,1464
academic,adj./n.,1465
internet,,1467
healthy,adj.,1468
following,n./adj.,1471
medicine,n./v.,1473
tour,n./v.,1474
depend,v.,1475
direct,adj./v./adv.,1478
classroom,n.,1479
justice,n.,1481
photograph,n./v.,1481
participate,v.,1482
daily,adj./adv./n.,1483
fair,n./adj./adv./v.,1484
pair,n./v.,1485
famous,adj.,1486
exercise,n./v.,1487
knee,n./v.,1488
flower,n./v.,1489
tape,n./v.,1490
hire,n./v.,1491
familiar,adj./n.,1492
appropriate,adj.,1493
supply,n./v.,1494
actor,n.,1497
birth,n.,1499
search,n./v.,1500
tie,n./v.,1501
eastern,n./adj.,1503
primary,n./adj.,1504
yesterday,n./adv.,1505
circle,n./v.,1506
progress,n./v.,1508
bottom,n./adj./v.,1511
island,n./v.,1512
exchange,n./v.,1513
clean,adj./adv./v./n.,1514
studio,n.,1515
train,n./v.,1516
lady,n.,1517
colleague,n.,1518
application,n.,1519
neck,n./v.,1521
damage,n./v.,1522
plastic,n./adj.,1523
tall,adj./adv.,1524
plate,n./v.,1525
hate,n./v.,1526
otherwise,adv.,1527
writing,n.,1528
male,n./adj.,1530
alive,adj.,1532
expression,n.,1533
football,n.,1534
intend,v.,1536
chicken,n.,1538
army,n.,1539
abuse,n./v.,1540
shut,n./v.,1541
map,n./v.,1542
extra,n./adj./adv.,1543
session,n.,1544
welcome,n./adj./v./int.,1545
danger,n.,1546
earth,n./v.,1547
literature,n.,1549
rain,n./v.,1550
desire,n./v.,1551
assessment,n.,1552
injury,n.,1553
respect,n./v.,1554
paint,n./v.,1555
northern,n./adj.,1556
nod,n./v.,1557
fuel,n./v.,1558
leaf,n./v.,1559
dry,adj./v./n.,1561
instruction,n.,1563
pool,n./v.,1565
climb,v./n.,1566
sweet,n./adj.,1567
engine,n./v.,1569
fourth,num.,1570
salt,n./adj./v.,1571
expand,v.,1572
importance,n.,1573
metal,n./adj./v.,1574
fat,n./adj.,1575
ticket,n./v.,1576
software,n.,1577
disappear,v.,1578
strange,adj.,1580
reading,n./adj.,1581
lip,n./v./adj.,1582
urban,adj.,1583
mental,adj./n.,1584
lunch,n.,1586
somewhere,adv.,1588
farmer,n.,1589
sugar,n./v.,1591
planet,n.,1592
explore,v.,1594
obtain,v.,1595
enemy,n./adj.,1596
complex,n./adj.,1598
surround,v./n.,1599
athlete,n.,1600
invite,v./n.,1601
repeat,n./v.,1602
soul,n./adj.,1604
scientific,adj.,1605
impossible,adj.,1606
meaning,n./adj.,1608
married,adj.,1610
instrument,n.,1611
predict,v.,1613
weather,n./adj./v.,1614
commitment,n.,1616
supreme,n./adj.,1618
bear,n./v.,1619
pocket,n./v./adj.,1620
thin,adj./v./adv./n.,1621
temperature,n.,1622
surprise,n./v.,1624
consequence,n.,1626
breath,n.,1628
sight,n./v./adj.,1629
balance,n./v.,1631
adopt,v.,1632
minority,n./adj.,1633
straight,n./adj./adv.,1634
connect,v.,1636
works,n.,1637
belong,v.,1639
aid,n./v.,1640
advice,n.,1641
empty,adj./n./v.,1644
novel,n./adj.,1647
breast,n./v.,1652
acknowledge,v.,1654
theme,n.,1655
storm,n./v.,1656
union,n.,1658
desk,n.,1659
fruit,n.,1662
expensive,adj.,1664
yellow,n./adj.,1665
conclusion,n.,1666
shadow,n./v.,1668
struggle,n./v.,1669
conclude,v.,1670
dance,n./v.,1671
organise,v.,1672
regulation,n.,1675
being,n.,1676
ring,n./v.,1678
mark,n./v.,1683
appearance,n.,1684
package,n./v./adj.,1685
difficulty,n.,1686
bridge,n./v.,1687
recommend,v.,1688
obvious,adj.,1689
thinking,n./adj.,1695
trend,n./v.,1697
visitor,n.,1698
comfortable,adj./n.,1701
profit,n./v.,1704
angry,adj.,1705
crew,n.,1706
accident,n.,1707
meal,n./v.,1710
hearing,n.,1711
traffic,n./v.,1712
prefer,v.,1716
chest,n.,1717
truly,adv.,1719
thick,adj./adv./n.,1721
cash,n./v.,1722
museum,n.,1723
beauty,n.,1724
emergency,n.,1725
unique,adj.,1726
link,n./v.,1730
stress,n./v.,1731
content,n./adj./v.,1732
select,adj./v./n.,1733
root,n./v.,1734
nose,n./v.,1735
declare,v.,1736
appreciate,v.,1738
actual,adj.,1739
bottle,n./v.,1740
hardly,adv.,1741
file,n./v.,1745
sick,n./adj./v.,1746
outcome,n.,1747
defend,v.,1750
duty,n.,1752
sheet,n./v./adj.,1753
ought,aux./n.,1755
extremely,adv.,1756
catholic,n./adj.,1757
mix,n./v.,1759
component,n./adj.,1760
slow,adj./adv./v.,1761
zone,n./v.,1763
wake,v./n.,1764
airport,n.,1765
ourselves,pron.,1766
brown,n./adj./v.,1769
shirt,n.,1771
pilot,n./v./adj.,1772
cat,n./v.,1775
contribution,n.,1776
guide,n./v.,1779
circumstance,n.,1780
snow,n./v.,1781
politician,n.,1783
steal,v.,1784
slip,n./v./adj.,1786
percentage,n.,1787
meat,n.,1788
funny,adj./n.,1789
neither,adv./adj./pron./conj.,1790
soil,n./v.,1791
correct,adj./v.,1794
due,n./adj.,1796
blame,n./v.,1797
basketball,n.,1799
criterion,n.,1799
hill,n./v.,1800
golf,n./v.,1801
crazy,adj.,1803
chain,n./v.,1805
branch,n./v.,1807
relief,n.,1812
user,n.,1813
kick,n./v.,1815
ancient,adj.,1817
manner,n.,1818
silence,n./v./int.,1820
golden,adj.,1821
fee,n./v.,1826
bowl,n./v.,1829
equal,n./adj./v.,1830
typical,adj.,1835
except,v./prep./conj.,1836
hall,n.,1839
host,n./v.,1840
trust,n./adj./v.,1841
ocean,n.,1842
row,n./v.,1843
afford,v.,1846
meanwhile,n./adv.,1847
neighbour,n./adj./v.,1847
division,n.,1849
fix,v./n.,1850
confirm,v.,1851
appeal,n./v.,1852
mirror,n./v.,1853
tooth,n./v.,1854
length,n.,1855
smart,adj./n./v.,1856
rely,v.,1857
association,n.,1859
topic,n.,1860
telephone,n./v.,1865
attract,v.,1867
secret,n./adj.,1868
bedroom,n.,1869
debt,n.,1871
rare,adj./adv.,1872
tank,n./v.,1874
nurse,n./v.,1875
aside,n./adv.,1878
anywhere,adv.,1879
bond,n./v.,1880
pleasure,n./v.,1882
master,n./adj./v.,1883
requirement,n.,1885
fun,n./v./adj.,1888
wing,n./v.,1889
expectation,n.,1890
separate,n./adj./v.,1892
pour,n./v.,1898
beer,n.,1902
reference,n./v.,1904
tear,n./v.,1905
doubt,n./v.,1906
minister,n./v.,1910
totally,adv.,1911
hero,n.,1912
cloud,n./v.,1914
winner,n.,1916
seed,n./v.,1919
pepper,n.,1923
busy,adj./v.,1924
copy,n./v.,1927
tip,n./v.,1928
cheap,adj./adv.,1930
aim,n./v.,1931
welfare,n./adj.,1933
vegetable,n./adj.,1934
dish,n.,1935
beach,n.,1937
everywhere,adv.,1938
opening,n./adj.,1940
divide,v./n.,1942
initial,n./adj./v.,1943
terrible,adj.,1944
oppose,v.,1945
contemporary,n./adj.,1947
lake,n./v.,1950
league,n./v.,1951
careful,adj.,1952
criminal,n./adj.,1953
upper,adj./n.,1955
rush,n./v./adj.,1956
tired,adj.,1959
employ,n./v.,1962
holiday,n./v.,1963
vast,adj.,1965
abortion,n.,1969
witness,n./v.,1970
apart,adv./adj.,1971
match,n./v.,1972
representative,n./adj.,1976
beneath,prep./adv.,1977
incident,n./adj.,1980
beside,prep.,1981
proud,adj.,1983
flow,n./v.,1984
waste,n./adj./v.,1986
merely,adv.,1988
mass,n./adj./v.,1989
experiment,n./v.,1990
bomb,n./v.,1992
engineer,n./v.,1997
wheel,n./v.,1999
decline,n./v.,2000
expose,v.,2005
narrow,n./adj./v.,2007
cream,n.,2008
secretary,n.,2009
gate,n./v.,2010
solid,n./adj.,2011
noise,n./v.,2012
grass,n.,2014
hat,n./v.,2015
unfortunately,adv.,2016
succeed,v.,2018
celebrate,v.,2019
achievement,n.,2021
accuse,v.,2024
useful,adj.,2026
reject,n./v.,2029
talent,n.,2030
taste,n./v.,2031
characteristic,n./adj.,2032
milk,n./v.,2033
escape,n./v.,2034
cast,n./v.,2035
sentence,n./v.,2036
unusual,adj.,2037
convince,v.,2039
height,n.,2040
physician,n.,2041
assess,v.,2042
plenty,n./adj.,2044
addition,n.,2048
sharp,n./adj./adv.,2049
approve,v.,2053
explanation,n.,2054
gay,adj.,2056
proper,adj./adv.,2058
guilty,adj.,2061
acquire,v.,2063
technical,adj.,2064
compete,v.,2065
plus,prep./adj./n.,2066
weak,adj.,2070
illegal,adj.,2071
hi,int.,2072
alternative,n./adj.,2073
curriculum,n.,2077
signal,n./v./adj.,2078
king,n./v.,2080
passenger,n.,2080
assistance,n.,2081
forever,adv.,2082
regard,n./v.,2084
twenty,num.,2086
knock,n./v.,2087
lab,n.,2089
spiritual,adj./n.,2096
musical,n./adj.,2097
prayer,n.,2098
journalist,n.,2099
metre,n.,2099
suspect,n./adj./v.,2100
scholar,n.,2101
warning,n.,2102
climate,n.,2103
cheese,n.,2104
childhood,n.,2107
sir,n.,2108
permit,n./v.,2109
cigarette,n.,2111
bread,n./v.,2113
graduate,n./adj./v.,2115
request,n./v.,2116
scream,n./v.,2118
universe,n.,2120
deeply,adv.,2122
excellent,adj.,2123
lucky,adj.,2126
drag,n./v.,2127
airline,n.,2128
library,n.,2129
agenda,n.,2130
recover,v.,2131
factory,n.,2132
roof,n./v.,2135
unable,adj.,2136
expense,n.,2137
diet,n./v.,2139
arrest,n./v.,2140
wash,n./v.,2143
schedule,n./v.,2144
sad,adj.,2145
brief,n./adj./v.,2146
post,n./v./adv.,2148
purchase,n./v.,2149
steel,n./adj./v.,2152
shout,n./v.,2154
visual,adj.,2156
fairly,adv.,2157
violent,adj.,2158
silent,adj.,2160
suppose,v.,2161
self,n./v./adj.,2162
tea,n.,2164
settlement,n.,2167
description,n.,2171
slide,n./v.,2174
wedding,n.,2176
inform,v.,2177
immediate,adj.,2180
abandon,v./n.,2182
transform,v.,2185
tension,n./v.,2186
leading,n./adj.,2188
consist,v.,2190
alcohol,n.,2191
bend,v./n.,2194
desert,n./adj./v.,2196
shall,aux.,2197
error,n.,2198
double,n./adj./v.,2202
sand,n./v.,2205
print,n./v.,2207
preserve,v./n.,2209
passage,n./v.,2210
existence,n.,2213
album,n.,2215
arrange,v.,2216
atmosphere,n.,2217
reply,n./v.,2219
cycle,n./v.,2220
lock,n./v.,2221
opposite,adj./prep./n.,2222
deserve,v.,2224
consistent,adj.,2225
discovery,n.,2227
stream,n./v.,2231
sale,n.,2234
pot,n./v.,2235
mine,n./v./pron.,2236
grand,adj.,2237
hello,int.,2238
tale,n.,2239
knife,n./v.,2240
racial,adj.,2243
joke,n./v.,2246
coat,n./v.,2247
symptom,n.,2249
potato,n.,2253
urge,n./v.,2261
dust,n./v.,2263
breathe,v.,2264
elect,n./adj./v.,2265
jacket,n./v.,2267
ordinary,adj./n.,2268
glad,adj.,2269
pack,n./v.,2273
iron,n./v.,2280
practical,adj.,2281
volunteer,n./adj./v.,2284
sauce,n./v.,2289
independence,n.,2291
amazing,adj.,2294
advance,n./v./adj.,2296
shock,n./v./adj.,2298
inspire,v.,2299
adjust,v.,2300
retire,n./v.,2301
kiss,n./v.,2302
illness,n.,2303
cap,n./v.,2306
habit,n./v.,2308
juice,n./v.,2310
whenever,conj./adv.,2314
analyze,v.,2316
attach,v.,2320
disaster,n.,2321
parking,n./adj.,2322
boss,n./v.,2324
fundamental,n./adj.,2328
severe,adj.,2330
entry,n.,2338
evaluate,v.,2339
dollar,n.,2340
symbol,n.,2340
accomplish,v.,2345
boot,n./v.,2347
monitor,n./v.,2349
entertainment,n.,2350
bean,n.,2352
creature,n.,2353
digital,adj./n.,2356
arrangement,n.,2357
concentrate,n./v.,2358
usual,adj.,2360
anger,n./v.,2362
heavily,adv.,2363
approximately,adv.,2365
missile,n./adj.,2367
wire,n./v.,2370
round,n./adj./prep./adv./v.,2372
holy,adj./n.,2375
twin,n./adj./v.,2376
command,n./v.,2378
breakfast,n.,2382
luck,n./v.,2384
constant,n./adj.,2386
clinic,n.,2388
smell,n./v.,2390
nervous,adj.,2393
tourist,n./adj.,2394
bury,v.,2398
pray,v.,2399
tomato,n.,2400
butter,n./v.,2402
bathroom,n.,2404
electronic,adj.,2407
journey,n./v.,2409
reputation,n.,2411
tower,n./v.,2412
mixture,n.,2413
smoke,n./v.,2414
pure,adj.,2416
glance,n./v.,2417
toy,n./adj./v.,2418
prisoner,n.,2419
dimension,n./v.,2420
fellow,n./adj.,2421
smooth,adj./v./n.,2422
nearby,adj./adv./prep.,2423
personnel,n.,2425
relative,n./adj.,2428
educator,n.,2429
belt,n.,2430
immigration,n.,2431
birthday,n.,2433
coast,n./v.,2436
accompany,v.,2438
silver,n./adj./v.,2439
teenager,n.,2440
flag,n./v.,2444
whisper,n./v.,2446
gentleman,n.,2447
corn,n./v.,2448
moon,n./v.,2450
junior,n./adj.,2451
swing,n./v./adj.,2453
throat,n./v.,2454
salary,n./v.,2455
dig,v./n.,2460
crop,n./v.,2461
permanent,adj./n.,2464
phenomenon,n.,2466
anxiety,n.,2467
unlike,adj./prep.,2468
resist,v./n.,2470
wet,n./adj./v.,2471
assist,n./v.,2475
exhibition,n.,2476
construct,v./n.,2477
viewer,n.,2478
pan,n./v.,2479
consultant,n.,2480
consideration,n.,2487
secure,adj./v.,2489
poem,n.,2494
fifth,num.,2497
enterprise,n.,2499
apparent,adj.,2502
stomach,n./v.,2503
weigh,v./n.,2504
sensitive,adj.,2506
suggestion,n.,2507
mail,n./v.,2508
recipe,n.,2509
reasonable,adj.,2510
wooden,adj.,2512
preparation,n.,2513
aggressive,adj.,2514
concert,n./v.,2515
false,adj./adv.,2516
intention,n.,2517
channel,n./v.,2518
extreme,n./adj.,2519
tube,n./v.,2520
drawing,n.,2521
quit,v./n.,2522
absence,n.,2524
honest,adj.,2530
pace,n./v.,2533
speaker,n.,2535
essay,n./v.,2536
impression,n.,2537
cake,n./v.,2540
negotiate,v.,2541
specialist,n./adj.,2546
origin,n.,2547
advise,v.,2552
conventional,adj.,2554
depth,n.,2555
disability,n.,2558
wealth,n.,2559
onion,n./v.,2567
flat,adj./adv./n./v.,2569
brand,n./v.,2570
mad,adj./n.,2572
award,n./v.,2573
via,prep.,2576
arise,v.,2581
highway,n.,2583
routine,n./adj.,2585
wage,n./v.,2586
phrase,n./v.,2589
corporation,n.,2602
switch,n./v.,2604
valuable,adj.,2605
assumption,n.,2606
barrier,n.,2609
classic,n./adj.,2616
chemical,n./adj.,2617
vacation,n.,2622
advocate,n./v.,2623
draft,n./v.,2624
extraordinary,adj.,2625
heaven,n.,2626
rough,n./adj./v./adv.,2627
yell,v./n.,2628
pregnant,adj.,2629
distant,adj.,2630
satellite,n.,2632
personally,adv.,2633
clock,n./v.,2635
chocolate,n./adj.,2636
sweep,n./v.,2639
ceiling,n.,2641
universal,adj./n.,2642
spin,n./v.,2644
button,n./v.,2645
bell,n.,2646
rank,n./adj./v.,2647
darkness,n.,2649
clothing,n.,2650
super,n./adj./adv.,2651
fence,n./v.,2653
survival,n./adj.,2656
bunch,n.,2658
found,v.,2664
burden,n./v.,2665
react,v.,2666
furniture,n.,2669
ceremony,n.,2670
string,n./v.,2671
communicate,v.,2672
cheek,n.,2674
disagree,v.,2679
tissue,n.,2688
stranger,n.,2691
broken,adj.,2694
apple,n.,2695
electric,adj.,2696
literary,adj.,2700
virus,n.,2701
fortune,n.,2703
stupid,adj.,2704
assistant,n./adj.,2706
overcome,v.,2707
statistics,n.,2709
wipe,n./v.,2711
shopping,n.,2713
cousin,n.,2714
blind,n./adj./v./adv.,2716
port,n./v.,2717
electricity,n.,2719
latter,adj.,2725
slave,n./v.,2727
translate,v.,2729
terror,n.,2732
dirt,n.,2737
rice,n./v.,2740
tight,adj./adv.,2741
chart,n./v.,2743
solar,adj.,2744
square,n./adj./adv./v.,2747
revolution,n.,2753
champion,n./v./adj.,2758
telescope,n./v.,2759
friendly,adj./adv.,2760
tournament,n.,2761
fiction,n.,2762
lifetime,n./adj.,2767
salad,n.,2773
guarantee,n./v.,2774
innocent,adj./n.,2775
boundary,n.,2776
pause,n./v.,2777
remote,adj.,2778
satisfaction,n.,2779
bench,n.,2782
raw,n./adj./v.,2783
withdraw,v.,2786
valley,n.,2793
dialogue,n./v.,2794
pride,n./v.,2801
dismiss,v.,2802
percent,n.,2802
aircraft,n.,2803
platform,n.,2806
freeze,v./n.,2807
finance,n./v.,2808
sink,n./v.,2809
bake,v./n.,2810
attractive,adj.,2811
diverse,adj.,2813
relevant,adj.,2814
joy,n./v.,2816
conservation,n.,2820
shooting,n.,2822
singer,n.,2823
partly,adv.,2824
unknown,adj./n.,2825
counter,n./adj./adv.,2830
thirty,num.,2833
crash,n./v./adj.,2837
possess,v.,2842
tap,n./v.,2843
swim,n./v.,2848
fault,n./v.,2849
tire,n./v.,2850
loose,n./adj./v./adv.,2851
shortly,adv.,2853
relax,v.,2861
adventure,n./v.,2862
stair,n.,2863
confident,adj.,2866
sudden,n./adj.,2868
dirty,adj./v.,2869
tongue,n./v.,2871
license,n./v.,2872
shelter,n./v.,2874
entrance,n./v.,2877
properly,adv.,2880
fade,v./n./adj.,2882
net,n./adj./v.,2884
funeral,n.,2885
profession,n.,2886
squeeze,n./v.,2891
mask,n./v.,2893
presentation,n.,2898
regardless,adj.,2899
load,n./v.,2901
stable,n./adj./v.,2903
introduction,n.,2904
pretend,v.,2905
violate,v.,2909
split,n./adj./v.,2910
deer,n.,2911
pollution,n.,2913
steady,adj./v.,2914
vital,adj.,2916
distinction,n.,2921
poet,n.,2923
nowhere,adv.,2924
comfort,n./v.,2928
honey,n./adj./v.,2932
adapt,v.,2933
pale,n./adj./v.,2935
musician,n.,2936
significance,n.,2937
storage,n.,2941
flee,v.,2942
leather,n./v./adj.,2943
distribute,v.,2944
ill,n./adj./adv.,2945
evolution,n.,2946
shelf,n.,2947
wisdom,n.,2954
garlic,n.,2956
gradually,adv.,2961
fantasy,n.,2964
plot,n./v.,2967
framework,n.,2968
gesture,n./v.,2969
psychology,n.,2972
chapter,n.,2976
divorce,n./v.,2978
owe,v.,2979
pipe,n./v.,2980
athletic,adj.,2981
slight,n./adj./v.,2982
shade,n./v.,2984
tail,n./adj./v.,2985
angle,n./v.,2989
differ,v.,2990
custom,n./adj.,2993
fifteen,num.,2995
celebration,n.,2996
soup,n./v.,2997
composition,n.,3000
satisfy,v.,3001
pile,n./v.,3003
carbon,n.,3004
consume,v.,3006
tobacco,n.,3010
besides,prep./adv.,3012
wealthy,adj.,3015
appointment,n.,3021
preference,n.,3022
publicly,adv.,3027
fighter,n.,3028
rapid,adj./n.,3029
hunter,n.,3030
admission,n.,3031
ski,n./v.,3032
educate,v.,3033
painful,adj.,3034
friendship,n.,3036
fifty,num.,3038
calculate,v.,3039
tendency,n.,3040
rid,v.,3041
uniform,n./adj.,3043
scholarship,n.,3044
reservation,n.,3046
helpful,adj.,3054
impress,n./v.,3055
heel,n./v.,3056
resemble,v.,3058
trick,n./v./adj.,3068
tent,n./v.,3071
strengthen,v.,3074
cow,n./v.,3078
asleep,adj./adv.,3081
tennis,n.,3082
menu,n.,3086
controversial,adj.,3090
desperate,adj.,3091
loud,adj./adv.,3094
glove,n./v.,3095
photographer,n.,3098
helicopter,n./v.,3100
modest,adj.,3101
agricultural,adj.,3104
delay,n./v.,3105
explode,v.,3106
handful,n.,3109
punishment,n.,3110
badly,adv.,3111
curious,adj.,3112
downtown,n./adj./adv.,3116
absorb,v.,3120
adjustment,n.,3121
eager,adj.,3123
motivation,n.,3126
restriction,n.,3127
cotton,n./v.,3136
motor,n./adj./v.,3138
overlook,v./n.,3139
float,n./v.,3140
jet,n./v./adj.,3144
orange,n./adj.,3145
temporary,adj./n.,3150
bite,n./v.,3153
edition,n.,3155
yours,pron.,3156
pine,n./v.,3158
brilliant,adj.,3159
chef,n.,3164
absolute,adj./n.,3165
discrimination,n.,3167
boom,n./v.,3171
appoint,v.,3172
register,n./v.,3173
lemon,n.,3179
hungry,adj.,3181
wander,v.,3183
submit,v.,3184
nut,n.,3188
extension,n./adj.,3190
battery,n.,3193
arrival,n.,3194
flame,n./v.,3199
wound,n./v.,3202
shower,n./v.,3204
garage,n./v.,3208
flesh,n./v.,3209
operator,n.,3210
borrow,v.,3214
comedy,n.,3216
twelve,num.,3218
civilian,n./adj.,3219
humour,n./v.,3219
weekly,n./adj./adv.,3220
grain,n./v.,3222
brush,n./v.,3223
devote,v.,3225
province,n.,3228
ease,n./v.,3229
seize,v.,3230
permission,n.,3233
wise,adj./v./n.,3234
actress,n.,3236
gifted,adj.,3237
acid,n./adj.,3238
medium,n./adj.,3241
shore,n./v.,3244
distinguish,v.,3246
lung,n.,3247
running,n./adj.,3252
basket,n./v.,3255
competitor,n.,3259
powder,n./v.,3260
worried,adj.,3261
ugly,adj./n.,3262
persuade,v.,3265
cookie,n.,3269
carrier,n.,3271
frequent,adj./v.,3272
ban,n./v.,3273
awful,adj.,3276
admire,v.,3277
pet,n./adj./v.,3278
widespread,adj.,3282
lovely,adj.,3284
acre,n.,3286
identification,n.,3289
everyday,adj.,3291
turkey,n.,3292
headline,n./v.,3293
adequate,adj.,3297
piano,n.,3299
mouse,n./v.,3305
blanket,n./v./adj.,3306
rope,n./v.,3309
concrete,n./adj./v.,3310
prescription,n.,3311
brick,n./adj./v.,3315
consensus,n.,3317
painter,n.,3322
pie,n.,3323
courage,n.,3324
defeat,n./v.,3326
swear,v./n.,3330
slice,n./v.,3333
occupation,n.,3334
coal,n./v.,3336
dear,n./adj./int./adv.,3337
sacred,adj.,3338
exact,adj./v.,3341
uncle,n.,3345
captain,n./v.,3347
dare,n./v.,3348
sigh,n./v.,3349
soccer,n.,3353
gallery,n.,3354
lap,n./v.,3359
container,n.,3361
virtue,n.,3362
abroad,adv./adj.,3363
architect,n.,3365
decrease,n./v.,3370
rail,n./v.,3373
anniversary,n.,3374
mess,n./v.,3381
shine,n./v.,3385
adolescent,adj./n.,3386
upset,adj./v.,3388
remark,n./v.,3389
resign,v.,3390
reward,n./v.,3392
gentle,adj.,3393
organ,n.,3394
laughter,n.,3397
invent,v.,3398
receiver,n.,3401
northwest,n./adj./adv.,3403
insect,n.,3405
interrupt,v./n.,3407
superior,n./adj.,3410
magic,n./adj.,3411
surgeon,n.,3413
physics,n.,3417
hunt,n./v.,3420
jeans,n.,3421
pill,n./v.,3425
sculpture,n./v.,3427
flour,n.,3429
bare,adj./v.,3430
rent,n./v./adj.,3433
bishop,n.,3437
pump,n./v.,3444
candy,n./v.,3446
pleased,adj.,3448
medal,n./v.,3451
beg,v.,3452
sponsor,n./v.,3453
export,n./v.,3456
civilization,n.,3459
midnight,n./adj.,3461
evident,adj.,3466
park,n./v.,3467
greet,v.,3475
snake,n./v.,3481
march,n./v.,3483
excuse,v./n.,3484
weakness,n.,3487
pig,n./v.,3488
classical,adj.,3489
unemployment,n.,3492
fold,n./v.,3493
flash,n./v.,3500
reliable,adj.,3504
beef,n./v.,3505
architecture,n.,3509
confuse,v.,3518
airplane,n.,3519
duck,n./v.,3521
lecture,n./v.,3526
sixth,num.,3527
sandwich,n./v.,3529
trunk,n./v./adj.,3533
swallow,n./v.,3535
trap,n./v.,3538
restrict,v.,3539
cloth,n.,3540
companion,n./v.,3547
lend,v.,3548
plain,n./adj./adv.,3549
strict,adj.,3553
nail,n./v.,3556
rat,n./v.,3558
burst,n./v.,3560
cave,n./v.,3562
southwest,n./adj./adv.,3564
herb,n.,3573
bitter,adj./adv./v.,3580
flood,n./v.,3582
pen,n./v.,3583
ownership,n.,3585
consult,v.,3591
possession,n.,3593
forgive,v.,3595
basement,n.,3598
maximum,n./adj.,3603
announcement,n.,3604
questionnaire,n.,3606
hurry,n./v.,3609
mud,n./v.,3610
privilege,n./v.,3612
temple,n.,3616
broadcast,n./adj./v./adv.,3617
suck,v./n.,3618
random,n./adj./adv.,3619
curtain,n./v.,3622
wrist,n.,3624
pond,n./v.,3626
cattle,n.,3629
minimum,adj./n.,3633
skirt,n./v.,3637
database,n.,3638
uncomfortable,adj.,3640
tune,n./v.,3646
harm,n./v.,3651
radiation,n.,3652
peaceful,adj.,3655
guitar,n.,3658
behave,v.,3660
grateful,adj.,3672
towel,n./v.,3682
prize,n./adj./v.,3686
bat,n./v.,3692
alarm,n./v.,3693
festival,adj./n.,3695
sweat,n./v.,3696
outer,adj.,3698
drunk,adj.,3701
separation,n.,3704
web,n./v.,3706
southeast,n./adj./adv.,3708
republic,n.,3709
wherever,adv.,3710
govern,v.,3711
praise,n./v.,3719
injure,v.,3721
endless,adj.,3722
chaos,n.,3727
format,n./v.,3730
forty,num.,3734
currency,n.,3738
apologize,v.,3739
reserve,n./v.,3740
beam,n./v.,3741
astronomer,n.,3744
horrible,adj.,3750
compromise,n./v.,3751
convey,v.,3756
fork,n./v.,3758
twist,n./v.,3759
shame,n./v.,3767
pleasant,adj.,3772
signature,n.,3773
theoretical,adj.,3781
pension,n./v.,3785
delicate,adj.,3787
forehead,n.,3788
electrical,adj.,3789
rebuild,v.,3790
hook,n./v.,3791
bounce,n./v.,3792
detective,n./adj.,3793
click,n./v.,3794
traveler,n.,3795
exit,n./v.,3798
attraction,n.,3800
altogether,adv.,3801
carve,v.,3803
needle,n./v.,3804
belly,n./v.,3805
scare,n./v.,3807
shuttle,n./v.,3810
ankle,n.,3814
rescue,n./v.,3815
firmly,adv.,3818
mild,adj.,3819
noon,n.,3820
doll,n.,3823
precise,adj.,3826
anxious,adj.,3827
poster,n.,3834
liberty,n.,3835
handsome,adj.,3838
oxygen,n.,3839
businessman,n.,3840
determination,n.,3846
jazz,n./adj./v.,3848
hers,pron.,3849
opera,n.,3851
acquisition,n.,3856
hug,n./v.,3858
wildlife,n.,3859
punish,v.,3862
departure,n.,3867
guidance,n.,3869
happiness,n.,3870
statue,v./n.,3872
repair,n./v.,3874
oral,n./adj.,3875
clerk,n./v.,3877
envelope,n.,3879
fist,n./v.,3881
destination,n.,3883
generous,adj.,3886
bath,n.,3890
purple,n./adj./v.,3894
sunlight,n.,3895
laser,n.,3896
cancel,n./v.,3915
constitution,n.,3917
candle,n./v.,3928
suffering,n.,3933
garbage,n.,3934
lamp,n./v.,3936
ton,n.,3936
servant,n.,3938
elegant,adj.,3942
reception,n.,3944
casual,adj./n.,3955
gravity,n.,3956
performer,n.,3962
silk,n./adj.,3969
steep,n./adj./v.,3973
pint,n.,3977
dynamic,adj./n.,3978
toilet,n./v.,3983
precious,adj.,3989
prohibit,v.,3990
outstanding,adj.,4000
lonely,adj.,4002
artificial,adj.,4003
dawn,n./v.,4004
abstract,adj./n./v.,4007
silly,adj.,4009
pillow,n./v.,4017
seal,n./v.,4021
continent,n./adj.,4022
circuit,n.,4023
lately,adv.,4028
fool,n./v./adj.,4030
scan,n./v.,4031
deadline,n.,4032
undertake,v.,4035
ridiculous,adj.,4043
diamond,n.,4044
automatic,n./adj.,4045
import,n./v.,4050
elder,n./adj.,4056
quantity,n.,4057
monument,n.,4066
sacrifice,n./v.,4068
bid,n./v.,4069
invitation,n.,4072
treasure,n./v.,4074
accuracy,n.,4076
output,n.,4085
jaw,n./v.,4087
rocket,n./v.,4094
bow,n./v.,4098
ours,pron.,4099
dignity,n.,4100
sword,n.,4105
seventh,num.,4110
carpet,n./v.,4112
glory,n./v.,4113
drum,n./v.,4116
dilemma,n.,4118
northeast,n./adj./adv.,4122
shallow,n./adj./v.,4123
sail,n./v.,4124
merchant,n./adj.,4126
stadium,n.,4128
nest,n./v.,4131
refrigerator,n.,4133
ancestor,n.,4137
condemn,v.,4138
steam,n./adj./v.,4139
accent,n./v.,4140
optimistic,adj.,4141
cage,n./v.,4143
equip,v.,4145
unite,v.,4146
homeland,n.,4149
wolf,n./v.,4150
cartoon,n./v.,4155
bless,v.,4161
agriculture,n.,4165
aunt,n.,4166
bonus,n.,4172
patience,n.,4177
orbit,n./v.,4178
grasp,n./v.,4181
willingness,n.,4186
jewelry,n.,4187
calm,n./adj./v.,4189
afterward,adv.,4195
ruin,n./v.,4197
alongside,adv./prep.,4203
sheep,n.,4210
discourage,v.,4211
drawer,n.,4212
runner,n.,4214
empire,n.,4218
cab,n./v.,4220
biology,n.,4226
flexible,adj.,4227
whale,n./v.,4232
ministry,n.,4242
instruct,v.,4243
bee,n.,4247
puzzle,n./v.,4255
mushroom,n./v./adj.,4256
boil,n./v.,4258
earthquake,n.,4261
jar,n./v.,4262
pork,n.,4267
dessert,n.,4269
sympathy,n.,4270
fisherman,n.,4272
eleven,num.,4273
sock,n./v./adv./adj.,4277
workplace,n.,4282
ambition,n.,4283
translation,n.,4290
uncertain,adj.,4291
spell,n./v.,4299
booth,n.,4300
insert,n./v.,4301
helmet,n./v.,4303
waist,n.,4304
lion,n.,4305
penny,n.,4306
royal,n./adj.,4306
panic,n./adj./v.,4310
tolerate,v.,4319
appreciation,n.,4322
decorate,v.,4327
pulse,n./v.,4331
diary,n.,4334
spoon,n./v.,4339
alley,n.,4340
soap,n./v.,4344
pin,n./v./adj.,4347
elephant,n.,4355
purse,n./v.,4358
liquid,n./adj.,4360
mentally,adv.,4365
bicycle,n.,4366
cheat,n./v.,4369
fever,n.,4372
rabbit,n./v.,4373
exploit,n./v.,4374
coin,n./v.,4376
accessible,adj.,4377
upstairs,adj./adv./n.,4381
stove,n./v.,4388
alike,adj./adv.,4389
grandchild,n.,4393
surrounding,n./adj.,4398
dam,n./v.,4399
patent,n./adj./v.,4405
pencil,n./v.,4410
disabled,adj.,4412
frontier,n.,4415
spray,n./v.,4417
eighth,num.,4425
notebook,n.,4427
beast,n.,4428
outline,n./v.,4429
ray,n./v.,4432
behalf,n.,4434
shark,n./v.,4438
swimming,n.,4441
vertical,adj.,4448
instant,n./adj.,4453
worldwide,adj.,4457
trainer,n.,4458
pioneer,n./v./adj.,4472
textbook,n.,4473
shrink,n./v.,4474
wheat,n.,4479
dot,n./v.,4480
fierce,adj.,4482
kingdom,n.,4487
tyre,n./v.,4491
unfair,adj.,4493
discount,n./v.,4504
ladder,n./v.,4505
jungle,n.,4507
hurricane,n.,4512
classify,v.,4515
skip,n./v.,4519
ambassador,n.,4520
aggression,n.,4521
robot,n.,4523
feather,n./v.,4531
dip,v./n.,4532
unfold,v.,4541
weed,n./v.,4545
collar,n./v.,4548
monkey,n./v.,4558
lightning,n./v./adj.,4562
memorial,n./adj.,4564
disturb,v.,4565
disappointment,n.,4566
sleeve,n./v.,4567
slavery,n.,4574
ash,n.,4577
blank,n./adj./v.,4578
cure,n./v.,4579
mineral,n./adj.,4583
hunger,n./v.,4584
spare,n./adj./v.,4585
equality,n.,4590
deliberately,adv.,4592
regret,n./v.,4595
carrot,n.,4597
cheer,n./v.,4621
chew,v./n.,4631
steak,n.,4634
transport,n./v.,4640
conscience,n.,4641
scratch,n./v./adj.,4644
interval,n.,4646
awake,adj./v.,4647
bacterium,n.,4650
lid,n./v.,4658
harmony,n.,4669
goat,n.,4674
banana,n.,4677
palace,n.,4678
peasant,n.,4680
supermarket,n.,4682
neat,adj./n.,4683
mobile,adj./n.,4686
beard,n./v.,4690
deposit,n./v.,4692
brake,n./v.,4693
forbid,v.,4698
fur,n./v.,4700
voluntary,adj./n.,4701
valid,adj.,4703
happily,adv.,4708
thread,n./v.,4714
unhappy,adj.,4717
tourism,n.,4721
suite,n.,4726
straw,n./adj.,4730
fragile,adj.,4733
globe,n./v.,4735
chemistry,n.,4736
crowded,adj.,4738
headache,n.,4745
fantastic,adj.,4747
warmth,n.,4749
policeman,n.,4754
suitable,adj.,4756
graduation,n.,4759
drill,n./v.,4760
cruel,adj.,4762
grape,n.,4764
cottage,n.,4765
clay,n.,4771
invention,n.,4773
balloon,n./v.,4774
fare,n./v.,4776
homework,n.,4778
sofa,n.,4782
sweater,n.,4789
rubber,n./v.,4791
ha,int.,4798
bucket,n.,4812
marble,n./adj.,4819
explicit,adj.,4826
disturbing,adj.,4827
arrow,n.,4832
harvest,n./v.,4839
spy,n./v.,4846
brave,adj./n./v.,4854
sunny,adj.,4866
swell,n./adj./v.,4867
shorts,n.,4868
bride,n.,4871
biography,n.,4875
seldom,adj./adv.,4878
vague,adj.,4885
zero,n./adj./v.,4886
foreigner,n.,4887
twentieth,num.,4889
delight,n./v.,4890
convenience,n.,4892
academy,n.,4895
till,prep./conj./v./n.,4897
skilled,adj.,4903
fog,n./v.,4913
boring,adj.,4915
summary,n./adj.,4917
warehouse,n./v.,4922
butterfly,n.,4923
accelerate,v.,4925
drown,v.,4927
nationwide,adj.,4929
spit,n./v.,4932
laundry,n.,4940
apology,n.,4944
website,n.,4950
smoking,n.,4956
bargain,n./v.,4962
unfortunate,adj.,4970
betray,v.,4974
clever,adj.,4978
challenging,adj.,4981
aboard,adv./prep.,4984
delicious,adj.,4985
beneficial,adj.,4991
awkward,adj.,4992
worm,n./v.,4993
authentic,adj.,5000
thief,n.,5007
autumn,n.,5010
scar,n./v.,5026
sailor,n.,5030
inspect,v.,5031
suspension,n.,5034
compensate,v.,5037
cowboy,n.,5048
clarify,v.,5050
chat,n./v.,5055
pupil,n.,5057
ninth,num.,5059
ward,n./v.,5065
bang,n./v./adv.,5069
rob,v.,5071
accumulate,v.,5083
dull,adj./v.,5094
worthy,n./adj.,5102
hydrogen,n.,5103
vinegar,n./v.,5106
hopeful,n./adj.,5116
disagreement,n.,5117
fancy,n./adj./v.,5118
dive,n./v.,5121
advertise,v.,5124
junk,n.,5130
mature,adj./v.,5133
affection,n.,5137
stamp,n./v.,5139
goodness,n.,5155
taxi,n./v.,5161
geography,n.,5163
leak,n./v.,5165
atom,n.,5184
snack,n./v.,5187
ending,n.,5188
competence,n.,5191
ink,n./v.,5193
adaptation,n.,5196
backward,adv./adj.,5204
appetite,n.,5205
bleed,v.,5218
choke,v./n.,5223
pea,n.,5226
cautious,adj.,5231
tremble,n./v.,5233
prejudice,n./v.,5235
certificate,n./v.,5237
mercy,n.,5244
classmate,n.,5247
nursing,n.,5250
acute,adj.,5255
gown,n./v.,5262
chorus,n./v.,5274
fountain,n.,5279
sour,adj./v./n.,5281
caution,n./v.,5286
erupt,v.,5291
dusty,adj.,5298
fortunate,adj.,5300
breakthrough,n.,5308
slim,adj./v.,5312
avenue,n.,5320
countryside,n.,5320
attain,v.,5323
sixteen,num.,5324
dinosaur,n.,5326
excite,v.,5328
urgent,adj.,5330
choir,n./v.,5331
pronounce,v.,5332
underground,n./adj./adv.,5341
theft,n.,5367
convenient,adj.,5368
accommodation,n.,5369
frog,n.,5370
vanilla,n.,5374
wounded,adj.,5376
canal,n./v.,5394
grill,n./v.,5395
systematic,adj.,5408
correspond,v.,5415
theirs,pron.,5421
tin,n./v./adj.,5424
strawberry,n.,5437
portable,adj.,5441
tease,n./v.,5458
waiter,n.,5460
separately,adv.,5463
downstairs,n./adj./adv.,5467
rigid,adj.,5469
jam,n./v.,5470
hometown,n.,5471
eighteen,num.,5480
settler,n.,5489
polite,adj.,5492
contrary,adj./n./adv.,5495
fourteen,num.,5498
ambulance,n.,5500
sadness,n.,5506
enthusiastic,adj.,5508
firefighter,n.,5511
applicant,n.,5512
supper,n.,5514
absent,adj./v.,5516
modem,n.,5518
visa,n./v.,5525
overhead,n./adj./adv.,5527
goose,n./v.,5529
fireplace,n.,5530
peach,n./v.,5531
frighten,v.,5537
vivid,adj.,5539
keyboard,n.,5541
poison,n./v.,5542
communist,n.,5543
ruler,n.,5552
noble,n./adj.,5553
damp,n./adj./v.,5562
nutrition,n.,5563
vocabulary,n.,5564
physicist,n.,5568
maple,n.,5571
salesman,n.,5573
plug,n./v.,5586
wallet,n.,5587
lamb,n./v.,5590
socialist,n.,5591
suitcase,n.,5600
triangle,n.,5605
fried,adj.,5612
substitute,n./v./adj.,5613
picnic,n./v.,5619
interpreter,n.,5628
nursery,n.,5632
collision,n.,5633
boxing,n.,5637
mat,n./adj./v.,5639
sixty,num.,5642
thirteen,num.,5649
ashamed,adj.,5651
astronaut,n.,5656
useless,adj.,5657
flu,n.,5662
umbrella,n./adj./v.,5664
mosquito,n.,5667
unconscious,adj.,5668
obey,v.,5672
passive,adj.,5680
loudly,adv.,5687
optional,adj.,5692
aloud,adv.,5694
cigar,n.,5696
weep,n./v.,5709
dioxide,n.,5712
applaud,v.,5722
cube,n.,5725
litre,n.,5726
embassy,n.,5731
facial,n./adj.,5735
sunset,n.,5739
antique,n./adj.,5748
skate,n./v.,5756
deed,n./v.,5766
lively,adj.,5775
terminal,n./adj.,5777
shave,n./v.,5779
foolish,adj.,5783
playground,n.,5793
amateur,n.,5795
primitive,n./adj.,5798
balcony,n.,5799
recycle,v./n.,5806
harmful,adj.,5809
ant,n.,5811
coincidence,n.,5812
courtyard,n.,5825
terrify,v.,5828
bark,n./v.,5831
parallel,n./adj./v.,5840
castle,n./v.,5844
microwave,n.,5846
corrupt,adj./v.,5850
thorough,adj.,5852
thrill,n./v.,5858
recreation,n.,5867
sniff,n./v.,5870
bored,adj.,5873
printer,n.,5875
transparent,adj.,5884
saying,n.,5887
circulate,v.,5888
forecast,n./v.,5890
paragraph,n./v.,5897
absurd,adj./n.,5901
temptation,n.,5906
tiger,n.,5908
feast,n./v.,5910
conductor,n.,5912
refusal,n.,5933
subjective,adj.,5947
accountant,n.,5949
navy,n.,5950
fairness,n.,5954
advertisement,n.,5957
correction,n.,5966
mist,n./v.,5967
lounge,n./v.,5990
revision,n.,5994
daylight,n./v.,5997
gallon,n.,6013
recorder,n.,6015
coral,n.,6040
maid,n.,6044
circus,n.,6045
motorcycle,n.,6059
ripe,adj.,6068
unbelievable,adj.,6070
snatch,n./v.,6071
jewel,n./v.,6074
dial,n./v.,6092
mustard,n.,6095
villager,n.,6100
garment,n.,6112
arctic,adj./n.,6116
kindergarten,n.,6121
quilt,n./v.,6124
pyramid,n./v.,6129
bachelor,n.,6130
decoration,n.,6136
scarf,n./v.,6140
freeway,n.,6142
upward,adj./adv.,6144
multiply,v.,6148
cough,n./v.,6157
roller,n.,6161
toast,n./v.,6163
ham,n./adj./v.,6170
basin,n.,6174
insure,v.,6180
tomb,n./v.,6183
bookstore,n.,6186
straightforward,adj.,6187
encouragement,n.,6193
sausage,n.,6199
mainland,n.,6208
abundant,adj.,6223
liberation,n.,6230
hammer,n./v.,6231
burial,n.,6234
unwilling,adj.,6237
lazy,adj./v.,6238
passport,n.,6239
packet,n./v.,6240
fond,adj.,6241
surplus,n./adj.,6243
tense,adj./v./n.,6263
acquaintance,n.,6274
zoo,n.,6286
ample,adj.,6289
disadvantage,n.,6291
dentist,n.,6301
crossing,n.,6302
sorrow,n./v.,6304
seventeen,num.,6318
volcano,n.,6321
greeting,n.,6324
arch,n./v./adj.,6326
dash,n./v.,6336
awesome,adj.,6337
novelist,n.,6348
nephew,n.,6362
freezing,adj.,6369
altitude,n.,6370
glare,n./v.,6371
flashlight,n.,6373
handy,adj.,6380
download,,6382
waitress,n.,6390
recite,v.,6397
cuisine,n.,6403
wrestle,n./v.,6407
bacon,n.,6412
ecology,n.,6425
bureaucratic,adj.,6447
marathon,n.,6448
whistle,n./v.,6463
devotion,n.,6466
astronomy,n.,6469
unpleasant,adj.,6472
sew,v.,6478
muddy,adj./v.,6484
ferry,n.,6492
receipt,n./v.,6517
underwear,n.,6524
carriage,n.,6534
fox,n./v.,6537
postpone,v.,6545
tractor,n.,6548
ballet,n.,6552
hobby,n.,6554
noisy,adj.,6565
cleaner,n.,6567
necklace,n.,6583
brochure,n.,6585
blouse,n.,6586
inn,n./v.,6591
perfume,n./v.,6592
oval,n./adj.,6604
delighted,adj.,6609
workforce,n.,6617
voyage,n./v.,6619
swift,n./adj./adv.,6627
overweight,n./adj./v.,6628
undo,v.,6632
grandson,n.,6641
smoker,n.,6646
catastrophe,n.,6648
messy,adj.,6651
rag,n./v.,6662
violin,n.,6665
vest,n./v.,6686
stain,n./v.,6708
rude,adj.,6718
clap,n./v.,6723
amusement,n.,6732
fetch,n./v.,6744
vacant,adj.,6751
deaf,adj.,6755
hillside,n.,6756
allocate,v.,6763
probable,adj./n.,6767
mourn,v.,6768
millionaire,n.,6769
barbecue,n./v.,6778
translator,n.,6785
nowadays,n./adv.,6788
catalogue,n./v.,6793
dislike,n./v.,6813
qualification,n.,6828
paperwork,n.,6838
pest,n.,6842
prairie,n.,6846
pear,n.,6857
contradict,v.,6863
chant,n./v.,6880
loaf,n./v.,6892
cushion,n./v.,6893
adolescence,n.,6897
squirrel,n./v.,6904
superb,adj.,6911
hardship,n.,6922
postcard,n.,6924
pity,n./v.,6927
claw,n./v.,6934
cater,v.,6945
chess,n.,6948
camel,n.,6953
worthwhile,adj.,6958
irrigation,n.,6974
cabbage,n.,6982
confidential,adj.,7010
sunglasses,n.,7032
vase,n.,7044
gardening,n.,7049
emperor,n.,7060
ambiguous,adj.,7071
cafeteria,n.,7076
communism,n.,7085
heap,n./v.,7087
fry,n./v.,7089
trousers,n.,7124
energetic,adj.,7129
embarrass,v.,7138
hay,n./v.,7184
dusk,n./adj./v.,7212
printing,n.,7217
wax,n./v.,7228
sob,v./n.,7230
socialism,n.,7238
franc,n.,7261
glue,n./v.,7268
chick,n.,7269
incorrect,adj.,7280
mankind,n.,7282
baggage,n.,7286
cheerful,adj.,7309
sunrise,n.,7313
puzzled,adj.,7319
diagram,n.,7324
comb,n./v.,7329
pancake,n.,7331
luggage,n.,7333
friction,n.,7336
tick,n./v.,7358
dine,v.,7360
hatch,n./v.,7365
cathedral,n.,7382
sideways,adv./adj.,7384
selfish,adj.,7386
keeper,n.,7388
sickness,n.,7417
merry,adj.,7420
comrade,n.,7425
rainbow,n./adj.,7427
sleepy,adj.,7429
pub,n.,7430
contradictory,adj./n.,7435
razor,n./v.,7444
starve,v.,7450
niece,n.,7475
rainy,adj.,7477
capsule,n.,7480
hamburger,n.,7483
eighty,num.,7486
abolish,v.,7490
liberate,v.,7492
autonomous,adj.,7499
librarian,n.,7502
founding,,7525
preview,n./v.,7529
enlarge,v.,7530
arbitrary,adj.,7545
stubborn,adj.,7548
bathe,v.,7550
outdoors,n./adv.,7559
pedestrian,n./adj.,7573
oneself,pron.,7598
foresee,v.,7614
harmless,adj.,7615
premier,n./adj.,7616
rewrite,v./n.,7628
symphony,n.,7665
cellar,n.,7671
allowance,n./v.,7677
roast,n./adj./v.,7679
kindness,n.,7682
adore,v.,7705
splendid,adj.,7708
ache,n./v.,7717
tentative,n./adj.,7722
outing,n./adj.,7723
parcel,n./v./adj./adv.,7729
unsuccessful,adj.,7731
nationality,n.,7751
sunshine,n.,7752
alcoholic,n./adj.,7755
opener,n.,7761
explorer,n.,7763
offshore,adj./adv.,7765
fingernail,n.,7769
cubic,adj.,7772
tailor,n./v.,7806
nineteen,num.,7818
wrinkle,n./v.,7819
comprehension,n.,7826
pardon,n./v.,7831
walnut,n.,7840
geometry,n.,7851
seventy,num.,7889
radioactive,adj.,7890
volleyball,n.,7896
spelling,n.,7907
hawk,n./v.,7924
hopeless,adj.,7926
fasten,v.,7930
yourselves,pron.,7931
hen,n.,7934
noodle,n.,7939
bowling,n.,7944
compass,n./v.,7958
subscribe,v.,7979
institute,n./v.,7980
bound,n./adj./v.,8004
bill,n./v.,8026
delete,v.,8051
carpenter,n.,8059
biscuit,n.,8068
bakery,n.,8076
apron,n.,8084
thunder,n./v.,8090
litter,n./v.,8093
swap,n./v.,8106
softball,n.,8130
shortcoming,n.,8140
scenery,n.,8152
cinema,n.,8165
inch,n./v.,8178
inventor,n.,8188
socket,n./v.,8195
disappoint,v.,8204
directory,n.,8211
abnormal,adj./n.,8241
bamboo,n.,8248
pianist,n.,8252
downward,adj.,8257
stainless,adj.,8262
memorize,v.,8276
ninety,num.,8279
reviewer,n.,8282
misunderstand,v.,8287
sharpen,v.,8298
microscope,n.,8309
spear,n./v./adj.,8310
weekday,n.,8312
chimney,n.,8321
relay,n./v.,8326
buffet,n./v.,8330
jog,n./v.,8335
lantern,n./v.,8338
heroine,n.,8342
stocking,n.,8355
congratulate,v.,8361
grammar,n.,8367
railway,n.,8369
howl,n./v.,8380
butcher,n./v.,8421
thankful,adj.,8424
nylon,n.,8449
diploma,n.,8453
tasty,adj.,8471
haircut,n.,8476
simplify,v.,8483
cock,n./v.,8484
handkerchief,n.,8487
envy,n./v.,8491
dictionary,n.,8493
boycott,n./v.,8514
referee,n./v.,8516
accustomed,adj.,8524
granddaughter,n.,8528
quake,v./n.,8561
drawback,n.,8563
athletics,n.,8574
housewife,n.,8592
outward,adj./adv.,8599
amaze,v.,8607
zoom,n./v.,8608
minus,n./adj./prep.,8628
eyewitness,n.,8633
thriller,n.,8642
woo,v.,8645
abrupt,adj.,8703
dizzy,adj./v.,8740
juicy,adj.,8742
quiz,n./v.,8784
outspoken,adj.,8801
timetable,n.,8819
popcorn,n.,8839
worthless,adj.,8848
firework,n.,8853
windy,adj.,8867
centimetre,n.,8893
zip,n./v.,8896
scissors,n.,8906
greedy,adj.,8908
anecdote,n.,8925
disgusting,adj.,8938
cocoa,n.,8963
bun,n.,8967
salute,v./n.,8974
unrest,n.,8995
mailbox,n.,9004
enjoyable,adj.,9019
outgoing,n./adj.,9020
clone,n.,9023
motto,n.,9048
fragrant,adj.,9055
pineapple,n.,9086
gram,n.,9092
tutor,n./v.,9093
chalk,n./v.,9095
crossroads,n.,9096
caption,n./v.,9117
midday,n./adj.,9129
barber,n.,9131
unsafe,adj.,9139
allergic,adj.,9143
rainfall,n.,9169
chemist,n.,9185
paddle,n./v.,9187
alphabet,n.,9190
punctuate,v./n.,9198
handwriting,n.,9204
pollute,v.,9208
clumsy,adj.,9209
tanker,n.,9275
numb,adj./v.,9317
willingly,adv.,9339
cupboard,n.,9358
salty,adj.,9377
broom,n./v.,9418
bandage,n.,9428
digest,n./v.,9447
unmarried,adj.,9465
kite,n./v.,9509
unhealthy,adj.,9533
jeep,n./v.,9569
starvation,n.,9590
snowy,adj.,9600
rot,n./v.,9603
cyclist,n.,9646
amuse,v.,9683
underline,v./n.,9691
armchair,n.,9757
bathtub,n.,9766
leftover,n./adj.,9769
troublesome,adj.,9839
annoy,v.,9844
tidy,n./adj./v.,9867
typewriter,n.,9870
humorous,adj.,9877
worn,adj.,9882
melon,n.,9886
anyhow,adv.,9909
vice,n./v./prep.,9910
careless,adj.,9928
lame,adj./v.,9982
parrot,n./v.,9988
botanical,adj./n.,10006
savage,adj./v./n.,10011
sailing,n./adj.,10027
rectangle,n.,10058
poisonous,adj.,10074
cent,n.,10111
vain,adj.,10144
rhyme,n./v.,10200
sincerely,adv.,10201
cloudy,adj.,10229
scold,n./v.,10246
sixteenth,num.,10249
receptionist,n.,10281
unbearable,adj.,10284
thirsty,adj.,10308
hostess,n.,10323
behaviour,n.,10352
sow,n./v.,10366
gymnastics,n.,10424
zipper,n.,10432
admirable,adj.,10469
dynasty,n.,10552
steward,n.,10595
eggplant,n.,10618
thunderstorm,n.,10620
skyscraper,n.,10626
yawn,n./v.,10649
whichever,pron.,10672
bungalow,n.,10710
kettle,n.,10726
saucer,n.,10769
thirst,n./v.,10813
headteacher,n.,10832
learned,adj.,10842
mend,n./v.,10849
breathless,adj.,10896
watermelon,n.,10944
dormitory,n.,10947
shabby,adj.,10996
burglar,n.,11050
bookshelf,n.,11170
quarrel,n./v.,11177
inland,adj./n.,11233
arithmetic,n.,11378
hive,n./v.,11401
porter,n.,11418
redirect,v.,11425
kilo,n.,11522
birthplace,n.,11526
lemonade,n.,11562
rooster,n.,11564
unconditional,adj.,11570
spaceship,n.,11577
squid,n.,11582
spoken,adj.,11639
riddle,n./v.,11712
handbag,n.,11790
teamwork,n.,11799
ox,n.,11804
wag,v./n.,11879
fluent,adj.,11910
untrue,adj.,11958
strait,n./adj.,12059
battleground,n.,12109
bent,adj./n.,12145
telegram,n.,12224
seaside,adj./n.,12240
appendix,n.,12249
coke,n./v.,12273
skillful,adj.,12290
crayon,n./v.,12296
bravery,n.,12303
mop,n./v.,12312
antarctic,adj./n.,12325
mountainous,adj.,12342
refresh,v.,12356
firewood,n.,12444
bookcase,n.,12527
astonish,v.,12542
twelfth,num.,12592
fright,n.,12606
veal,n./v.,12617
flaming,adj.,12654
overcoat,n.,12679
foggy,adj.,12681
idiom,n.,12698
mistaken,adj.,12710
unimportant,adj.,12727
shopkeeper,n.,12729
compulsory,adj.,12735
sneeze,n./v.,12750
algebra,n.,12790
gale,n.,12845
teapot,n.,12851
loudspeaker,n.,12875
reuse,v./n.,12946
smog,n.,12947
mouthful,n.,13176
fluency,n.,13181
seaweed,n.,13198
postage,n.,13293
tortoise,n.,13299
blackboard,n.,13322
stout,adj./n.,13326
spade,n./v.,13365
unfit,adj./v.,13433
workday,n.,13488
bathrobe,n.,13547
snowball,n./v.,13612
violinist,n.,13694
brotherhood,n.,13702
brunch,n.,13712
skillfully,adv.,13724
cooker,n.,13730
toothbrush,n.,13896
zebra,n.,13912
sparrow,n.,14123
toothpaste,n.,14165
cheers,int.,14296
dumpling,n.,14302
grocer,n.,14410
playmate,n.,14534
eyesight,n.,14627
westwards,adv.,14658
judgement,n.,14669
panda,n.,14691
smelly,adj.,14701
ripen,v.,14750
spoonful,n.,14845
tram,n./v.,14885
eastwards,adv.,14945
rubbish,n.,14955
secondhand,adj./adv.,15042
ouch,int./n.,15065
boating,n.,15104
brewery,n.,15159
raincoat,n.,15201
bingo,n.,15245
locust,n.,15256
pronunciation,n.,15375
giraffe,n.,15421
disobey,v.,15476
queue,n./v.,15489
rugby,n.,15490
canteen,n.,15582
hilly,adj.,15597
kangaroo,n.,15706
chairwoman,n.,15732
cordless,adj.,15786
housework,n.,15787
mm,,15832
kilogram,n.,15873
punctuation,n.,15876
sightseeing,n./adj.,16109
noisily,adv.,16141
barbershop,n.,16205
airspace,n.,16254
irrigate,v.,16313
moustache,n.,16314
goldfish,n.,16320
labour,n./v.,16348
eraser,n.,16590
headmaster,n.,16726
skateboard,n.,16938
necktie,n.,17026
considerate,adj.,17092
stewardess,n.,17096
thermos,n.,17096
seaman,n.,17406
wayside,n./adj.,17420
chopsticks,n.,17509
merciful,adj.,17622
tasteless,adj.,17733
beehive,n.,17858
biochemistry,n.,17884
snowman,n.,18086
furnished,adj.,18244
yummy,adj.,18334
bye,int.,18387
seagull,n.,18503
porridge,n.,18724
granny,n.,18824
windbreaker,n.,18855
attentively,adv.,18857
comma,n.,18884
hardworking,adj.,18992
schoolmate,n.,19024
semicircle,n.,19191
weatherman,n.,19246
businesswoman,n.,19286
walkman,n.,19415
retell,v.,19549
seashell,n.,19554
hibernation,n.,19620
lavatory,n.,19680
badminton,n.,20115
superman,n.,20120
postman,n.,20141
rewind,v./n.,20177
miniskirt,n.,20289
undivided,adj.,20480
botany,n.,20491
playroom,n.,20588
regards,n.,20654
saleswoman,n.,20767
stopwatch,n.,20916
bookmark,n.,20965
bookshop,n.,21128
frost,n./v.,21397
changeable,adj.,21649
defence,n.,21674
dictation,n.,21756
roundabout,adj./n.,21821
typhoon,n.,21835
hibernate,v.,21924
subtraction,n.,21980
offence,n.,22003
petrol,n.,22027
mutton,n.,22179
august,n./adj.,22206
favourite,n./adj.,22274
motorbike,n.,22347
omelette,n.,22503
microcomputer,n.,22510
postcode,n.,22564
fortnight,n.,22633
drier,n.,22822
typist,n.,22849
congratulation,n.,23287
motherland,n.,23389
bay,n./v.,23460
addicted,adj.,23549
rose,n./adj./v.,23633
hooray,int./n./v.,23679
westerner,n.,23903
forgetful,adj.,23938
bridegroom,n.,24066
ballpoint,n.,24069
enquiry,n.,24159
toothache,n.,24353
washroom,n.,24741
fibre,n.,24899
lorry,n.,24926
stomachache,n.,25221
neighbourhood,n.,25261
punctual,adj.,25334
shaver,n.,25551
gruel,n./v.,25887
worse,n./adj./adv.,25899
oilfield,n.,26075
graph,n.,26137
telegraph,n./v.,26182
pacific,n./adj.,26607
centigrade,adj.,27004
headmistress,n.,27070
videophone,n.,27086
minibus,n.,27815
favour,n./v.,28142
dustbin,n.,28258
sharpener,n.,28736
backache,n.,29373
salesgirl,n.,29991
radium,n.,30174
aeroplane,n.,30278
greengrocer,n.,31343
airmail,n.,31683
cheque,n.,31750
sunburnt,adj.,32133
honour,n./v.,32290
birdcage,n.,32730
aluminium,n./adj.,32731
labourer,n.,32892
sneaker,n.,33208
worst,n./adj./adv.,33505
bush,n.,34013
cosy,adj./n.,36003
skipping,,36075
harbour,n./v.,36866
sceptical,adj.,37694
glasshouse,n.,39029
postbox,n.,40238
workmate,n.,40894
woollen,n./adj.,41582
queen,n./v.,43081
yoghurt,n.,43601
northwards,adv.,43874
eagle,n.,45890
organiser,,46049
are,,
beancurd,n.,
bedclothes,n.,
beddings,n./adj./v.,
cance,,
chips,n.,
customs,n.,
does,v.,
dvd,abbr.,
grandparents,n.,
handtruck,n.,
latest,adj.,
refreshments,n.,
repairs,n.,
schoolbag,n.,
scores,n.,
sideway,n.,
souvenirs,n.,
vcd,,
