word_id,word,pos,phonetic,meaning_cn,primary_gloss,stage,year_band,gaokao_level,freq_rank,volume,volume_label,source_type,source_page,source_ref,confidence
sr-B1-0001,addict,n.,,对……入迷的人；吸毒成瘾的人,对……入迷的人,senior,1,1,10001,B1,必修第一册,vocabulary,125,1,high
sr-B1-0002,addicted to,,,对……很入迷,对……很入迷,senior,1,1,10002,B1,必修第一册,vocabulary,125,1,high
sr-B1-0003,advance,n.,"/@d""vA:ns/",前进；发展；发展；促进,前进,senior,1,1,10003,B1,必修第一册,vocabulary,125,1,high
sr-B1-0004,adventure,n.,"/@d""ventS@(r)/",冒险；奇遇,冒险,senior,1,1,10004,B1,必修第一册,vocabulary,125,1,high
sr-B1-0005,affair,n.,"/@""fe@(r)/",公共事务；事件；关系,公共事务,senior,1,1,10005,B1,必修第一册,vocabulary,125,5,high
sr-B1-0006,affect,vt.,"/@""fekt/",影响；（疾病）侵袭；深深打动,影响,senior,1,1,10006,B1,必修第一册,vocabulary,125,4,high
sr-B1-0007,aid,n.,/eId/,援助；帮助；救援物资；帮助；援助,援助,senior,1,1,10007,B1,必修第一册,vocabulary,125,4,high
sr-B1-0008,annoy,vt.,"/@""nOI/",使恼怒；打扰,使恼怒,senior,1,1,10008,B1,必修第一册,vocabulary,125,w,high
sr-B1-0009,anxious,adj.,,焦虑的；不安的,焦虑的,senior,1,1,10009,B1,必修第一册,vocabulary,125,w,high
sr-B1-0010,apply,vt.,"/@""plaI/",申请；请求；应用；涂（油漆、乳剂）(,申请,senior,1,1,10010,B1,必修第一册,vocabulary,125,2,high
sr-B1-0011,appreciate,vt.,"/@""pri:SieIt/",欣赏；重视；感激；领会；增值,欣赏,senior,1,1,10011,B1,必修第一册,vocabulary,125,5,high
sr-B1-0012,architect,n.,"/""A:kItekt/",建筑设计师,建筑设计师,senior,1,1,10012,B1,必修第一册,vocabulary,125,2,high
sr-B1-0013,arrangement,n.,"/@""reIndZm@nt/",安排；筹备,安排,senior,1,1,10013,B1,必修第一册,vocabulary,125,2,high
sr-B1-0014,as if,,,似乎；好像；仿佛,似乎,senior,1,1,10014,B1,必修第一册,vocabulary,125,4,high
sr-B1-0015,at last,,,终于；最终,终于,senior,1,1,10015,B1,必修第一册,vocabulary,125,w,high
sr-B1-0016,athlete,n.,,运动员；运动健儿,运动员,senior,1,1,10016,B1,必修第一册,vocabulary,125,3,high
sr-B1-0017,attitude,n.,,态度；看法,态度,senior,1,1,10017,B1,必修第一册,vocabulary,125,5,high
sr-B1-0018,attract,vt.,,吸引；引起……的注意（或兴趣）,吸引,senior,1,1,10018,B1,必修第一册,vocabulary,125,1,high
sr-B1-0019,be attracted to,,,喜爱,喜爱,senior,1,1,10019,B1,必修第一册,vocabulary,125,1,high
sr-B1-0020,audience,n.,"/""O:di@ns/",观众；听众,观众,senior,1,1,10020,B1,必修第一册,vocabulary,125,3,high
sr-B1-0021,awkward,adj.,"/""O:kw@d/",令人尴尬的；难对付的,令人尴尬的,senior,1,1,10021,B1,必修第一册,vocabulary,125,w,high
sr-B1-0022,ballet,n.,,芭蕾舞,芭蕾舞,senior,1,1,10022,B1,必修第一册,vocabulary,125,1,high
sr-B1-0023,base,vt.,/beIs/,以……为据点；以……为基础；底部；根据,以……为据点,senior,1,1,10023,B1,必修第一册,vocabulary,125,5,high
sr-B1-0024,bce,,"/%bi: si: ""i:/",公元前,公元前,senior,1,1,10024,B1,必修第一册,vocabulary,125,2,high
sr-B1-0025,beg,vt.,/beg/,恳求；祈求；哀求,恳求,senior,1,1,10025,B1,必修第一册,vocabulary,125,5,high
sr-B1-0026,behaviour,n.,"/bI""heIvj@(r)/",行为；举止,行为,senior,1,1,10026,B1,必修第一册,vocabulary,125,1,high
sr-B1-0027,billion,n.,"/""bIlj@n/",十亿,十亿,senior,1,1,10027,B1,必修第一册,vocabulary,125,5,high
sr-B1-0028,bone,n.,/b@Un/,骨头；骨（质）,骨头,senior,1,1,10028,B1,必修第一册,vocabulary,125,5,high
sr-B1-0029,boxing,n.,"/""bQksIN/",拳击（运动）,拳击（运动）,senior,1,1,10029,B1,必修第一册,vocabulary,125,3,high
sr-B1-0030,brick,n.,/brIk/,砖；砖块,砖,senior,1,1,10030,B1,必修第一册,vocabulary,125,4,high
sr-B1-0031,brochure,n.,"/""br@US@(r);NAmEbroU""Sur/",资料（或广告）手册,资料（或广告）手册,senior,1,1,10031,B1,必修第一册,vocabulary,126,2,high
sr-B1-0032,bury,vt.,"/""beri/",埋葬；安葬,埋葬,senior,1,1,10032,B1,必修第一册,vocabulary,126,4,high
sr-B1-0033,calm,adj.,/kA:m/,镇静的；沉着的；使平静；使镇静,镇静的,senior,1,1,10033,B1,必修第一册,vocabulary,126,4,high
sr-B1-0034,campus,n.,,校园；校区,校园,senior,1,1,10034,B1,必修第一册,vocabulary,126,w,high
sr-B1-0035,captain,,,运动队）队长；船长；机长,运动队）队长,senior,1,1,10035,B1,必修第一册,vocabulary,126,3,high
sr-B1-0036,carve,vi.,/kA:v/,雕刻,雕刻,senior,1,1,10036,B1,必修第一册,vocabulary,126,5,high
sr-B1-0037,castle,n.,"/""kA:sl/",城堡；堡垒,城堡,senior,1,1,10037,B1,必修第一册,vocabulary,126,2,high
sr-B1-0038,ce,,"/%si: ""i:/",公元,公元,senior,1,1,10038,B1,必修第一册,vocabulary,126,5,high
sr-B1-0039,champion,n.,,冠军；优胜者,冠军,senior,1,1,10039,B1,必修第一册,vocabulary,126,3,high
sr-B1-0040,check in,,,在旅馆、机场等）登记,在旅馆、机场等）登记,senior,1,1,10040,B1,必修第一册,vocabulary,126,2,high
sr-B1-0041,civilisation,n.,"/%sIv@laI""zeISn/",文明；文明世界,文明,senior,1,1,10041,B1,必修第一册,vocabulary,126,2,high
sr-B1-0042,come along,,,跟随；到达；进步；赶快,跟随,senior,1,1,10042,B1,必修第一册,vocabulary,126,3,high
sr-B1-0043,comment,n. vt.,"/""kQment/",议论；评论；发表意见；评论,议论,senior,1,1,10043,B1,必修第一册,vocabulary,126,2,high
sr-B1-0044,company,n.,"/""kVmp@ni/",公司；商行；陪伴,公司,senior,1,1,10044,B1,必修第一册,vocabulary,126,w,high
sr-B1-0045,compare … with/to …,,,与……比较,与……比较,senior,1,1,10045,B1,必修第一册,vocabulary,126,3,high
sr-B1-0046,concentrate,vt.,"/""kQnsntreIt/",集中（注意力）；聚精会神,集中（注意力）,senior,1,1,10046,B1,必修第一册,vocabulary,126,w,high
sr-B1-0047,concentrate on,,,集中精力于,集中精力于,senior,1,1,10047,B1,必修第一册,vocabulary,126,w,high
sr-B1-0048,confidence,n.,"/""kQnfId@ns/",信心；信任,信心,senior,1,1,10048,B1,必修第一册,vocabulary,126,w,high
sr-B1-0049,confused,adj.,"/k@n""fju:zd/",糊涂的；迷惑的,糊涂的,senior,1,1,10049,B1,必修第一册,vocabulary,126,1,high
sr-B1-0050,contact,vt.,,联络；联系；联系；接触,联络,senior,1,1,10050,B1,必修第一册,vocabulary,126,2,high
sr-B1-0051,content,n.,"/""kQntent/",内容；目录；（书、讲话；节目等的）主题,内容,senior,1,1,10051,B1,必修第一册,vocabulary,126,1,high
sr-B1-0052,context,n.,"/""kQntekst/",上下文；语境；背景,上下文,senior,1,1,10052,B1,必修第一册,vocabulary,126,4,high
sr-B1-0053,crash,vt.,,碰撞；撞击；撞车；碰撞,碰撞,senior,1,1,10053,B1,必修第一册,vocabulary,126,4,high
sr-B1-0054,credit,n.,"/""kredIt/",借款；信用；称赞；学分,借款,senior,1,1,10054,B1,必修第一册,vocabulary,126,2,high
sr-B1-0055,credit card,,,信用卡,信用卡,senior,1,1,10055,B1,必修第一册,vocabulary,126,2,high
sr-B1-0056,curious,adj.,"/""kjU@ri@s/",好奇的；求知欲强的,好奇的,senior,1,1,10056,B1,必修第一册,vocabulary,126,w,high
sr-B1-0057,cut … out,,,停止做（或使用、食用）；剪下,停止做（或使用、食用）,senior,1,1,10057,B1,必修第一册,vocabulary,126,3,high
sr-B1-0058,date back (to …),,,追溯到,追溯到,senior,1,1,10058,B1,必修第一册,vocabulary,126,5,high
sr-B1-0059,debate,n. vi.,"/dI""beIt/",辩论；争论,辩论,senior,1,1,10059,B1,必修第一册,vocabulary,126,1,high
sr-B1-0060,deliver,vi.,"/dI""lIv@(r)/",递送；传达；发表,递送,senior,1,1,10060,B1,必修第一册,vocabulary,126,4,high
sr-B1-0061,demand,n.,"/dI""mA:nd/",要求；需求；强烈要求；需要；查问,要求,senior,1,1,10061,B1,必修第一册,vocabulary,126,5,high
sr-B1-0062,description,n.,"/dI""skrIpSn/",描写（文字）；形容,描写（文字）,senior,1,1,10062,B1,必修第一册,vocabulary,126,5,high
sr-B1-0063,design,n.,"/dI""zaIn/",设计；设计方案；设计；筹划,设计,senior,1,1,10063,B1,必修第一册,vocabulary,126,w,high
sr-B1-0064,despite,prep.,"/dI""spaIt/",即使；尽管,即使,senior,1,1,10064,B1,必修第一册,vocabulary,126,5,high
sr-B1-0065,destination,n.,"/%destI""neISn/",目的地；终点,目的地,senior,1,1,10065,B1,必修第一册,vocabulary,126,2,high
sr-B1-0066,destroy,vt.,"/dI""strOI/",摧毁；毁灭,摧毁,senior,1,1,10066,B1,必修第一册,vocabulary,126,4,high
sr-B1-0067,detail,n.,"/""di:teIl/",细节；详情；细微之处,细节,senior,1,1,10067,B1,必修第一册,vocabulary,126,2,high
sr-B1-0068,diet,n.,"/""daI@t/",规定饮食；日常饮食；节食,规定饮食,senior,1,1,10068,B1,必修第一册,vocabulary,126,3,high
sr-B1-0069,disaster,n.,"/dI""zA:st@(r)/",灾难；灾害,灾难,senior,1,1,10069,B1,必修第一册,vocabulary,126,4,high
sr-B1-0070,drought,n.,/draUt/,旱灾；久旱,旱灾,senior,1,1,10070,B1,必修第一册,vocabulary,127,4,high
sr-B1-0071,dynasty,n.,"/""dIn@sti;NAmE""daI-/",王朝；朝代,王朝,senior,1,1,10071,B1,必修第一册,vocabulary,127,5,high
sr-B1-0072,editor,n.,"/""edIt@(r)/",主编；编辑；编者,主编,senior,1,1,10072,B1,必修第一册,vocabulary,127,1,high
sr-B1-0073,effect,n.,"/I""fekt/",影响；结果；效果,影响,senior,1,1,10073,B1,必修第一册,vocabulary,127,4,high
sr-B1-0074,emergency,n.,"/i""m3:dZ@nsi/",突发事件；紧急情况,突发事件,senior,1,1,10074,B1,必修第一册,vocabulary,127,4,high
sr-B1-0075,equal,n.,"/""i:kw@l/",同等的人；相等物；相同的；同样的,同等的人,senior,1,1,10075,B1,必修第一册,vocabulary,127,5,high
sr-B1-0076,error,n.,"/""er@(r)/",错误；差错,错误,senior,1,1,10076,B1,必修第一册,vocabulary,127,3,high
sr-B1-0077,erupt,,"/I""rVpt/",火山）爆发；（岩浆、烟等）喷出,火山）爆发,senior,1,1,10077,B1,必修第一册,vocabulary,127,4,high
sr-B1-0078,experiment,n.,"/Ik""sperIm@nt/",实验；试验,实验,senior,1,1,10078,B1,必修第一册,vocabulary,127,w,high
sr-B1-0079,explore,vi.,"/Ik""splO:(r)/",探索；勘探,探索,senior,1,1,10079,B1,必修第一册,vocabulary,127,w,high
sr-B1-0080,extra,adj.,"/""ekstr@/",额外的；附加的,额外的,senior,1,1,10080,B1,必修第一册,vocabulary,127,1,high
sr-B1-0081,extremely,adv.,"/Ik""stri:mli/",极其；非常,极其,senior,1,1,10081,B1,必修第一册,vocabulary,127,2,high
sr-B1-0082,failure,n.,"/""feIlj@(r)/",失败；失败的人（或事物）,失败,senior,1,1,10082,B1,必修第一册,vocabulary,127,3,high
sr-B1-0083,fall apart,,,破裂；破碎；崩溃,破裂,senior,1,1,10083,B1,必修第一册,vocabulary,127,3,high
sr-B1-0084,female,adj.,"/""fi:meIl/",女（性）的；雌的；雌性动（植）物；女子,女（性）的,senior,1,1,10084,B1,必修第一册,vocabulary,127,w,high
sr-B1-0085,male,adj. n.,/meIl/,男（性）的；雄的；雄性动（植）物；男子(；健康；健壮；适合,男（性）的,senior,1,1,10085,B1,必修第一册,vocabulary,127,3,high
sr-B1-0086,flash card,,,教学卡片；识字卡,教学卡片,senior,1,1,10086,B1,必修第一册,vocabulary,127,w,high
sr-B1-0087,flat,adj.,,平坦的；扁平的；公寓；单元房,平坦的,senior,1,1,10087,B1,必修第一册,vocabulary,127,2,high
sr-B1-0088,flight,n.,/flaIt/,空中航行；航班；航程,空中航行,senior,1,1,10088,B1,必修第一册,vocabulary,127,2,high
sr-B1-0089,flood,n.,/flVd/,洪水；大量；淹没；大量涌入；使灌满水；淹没,洪水,senior,1,1,10089,B1,必修第一册,vocabulary,127,4,high
sr-B1-0090,fluent,,"/""flu:@nt/",尤指外语）流利的；熟练的,尤指外语）流利的,senior,1,1,10090,B1,必修第一册,vocabulary,127,1,high
sr-B1-0091,focus,vt.,"/""f@Uk@s/",集中（精力、注意力等）；（使）调节焦距；中心；重点；焦点,集中（精力、注意力等）,senior,1,1,10091,B1,必修第一册,vocabulary,127,1,high
sr-B1-0092,focus on,,,集中；特别关注,集中,senior,1,1,10092,B1,必修第一册,vocabulary,127,1,high
sr-B1-0093,formal,adj.,"/""fO:ml/",正式的；正规的,正式的,senior,1,1,10093,B1,必修第一册,vocabulary,127,w,high
sr-B1-0094,look forward to,,,盼望；期待,盼望,senior,1,1,10094,B1,必修第一册,vocabulary,127,w,high
sr-B1-0095,frightened,adj.,"/""fraItnd/",惊吓的；害怕的,惊吓的,senior,1,1,10095,B1,必修第一册,vocabulary,127,w,high
sr-B1-0096,gas,n.,,气体；燃气；汽油,气体,senior,1,1,10096,B1,必修第一册,vocabulary,127,4,high
sr-B1-0097,generation,n.,"/%dZen@""reISn/",一代（人）,一代（人）,senior,1,1,10097,B1,必修第一册,vocabulary,127,1,high
sr-B1-0098,global,adj.,"/""gl@Ubl/",全球的；全世界的,全球的,senior,1,1,10098,B1,必修第一册,vocabulary,127,5,high
sr-B1-0099,greenhouse,n.,"/""gri:nhaUs/",温室；暖房,温室,senior,1,1,10099,B1,必修第一册,vocabulary,127,1,high
sr-B1-0100,gymnastics,n.,,体操（训练）,体操（训练）,senior,1,1,10100,B1,必修第一册,vocabulary,127,3,high
sr-B1-0101,hike,vi.,/haIk/,徒步旅行；去……远足；远足；徒步旅行,徒步旅行,senior,1,1,10101,B1,必修第一册,vocabulary,128,2,high
sr-B1-0102,honour,n.,"/""Qn@(r)/",荣誉；尊敬；荣幸,荣誉,senior,1,1,10102,B1,必修第一册,vocabulary,128,3,high
sr-B1-0103,hurricane,,"/""hVrIk@n/",尤指西大西洋的）飓风,尤指西大西洋的）飓风,senior,1,1,10103,B1,必修第一册,vocabulary,128,4,high
sr-B1-0104,impress,vt.,"/Im""pres/",使钦佩；给……留下深刻的好印象；留下印象；引人注目,使钦佩,senior,1,1,10104,B1,必修第一册,vocabulary,128,w,high
sr-B1-0105,impression,n.,"/Im""preSn/",印象；感想,印象,senior,1,1,10105,B1,必修第一册,vocabulary,128,w,high
sr-B1-0106,make an impression,,,留下好印象,留下好印象,senior,1,1,10106,B1,必修第一册,vocabulary,128,w,high
sr-B1-0107,in the open air,,,露天；在户外,露天,senior,1,1,10107,B1,必修第一册,vocabulary,128,4,high
sr-B1-0108,injury,n.,"/""IndZ@ri/",伤害；损伤,伤害,senior,1,1,10108,B1,必修第一册,vocabulary,128,3,high
sr-B1-0109,first aid kit,,,急救箱,急救箱,senior,1,1,10109,B1,必修第一册,vocabulary,128,4,high
sr-B1-0110,leave ... alone,,,不打扰；不惊动,不打扰,senior,1,1,10110,B1,必修第一册,vocabulary,128,w,high
sr-B1-0111,lecture,n.,"/""lektS@(r)/",讲座；讲课；教训；开）讲座；讲课；训斥,讲座,senior,1,1,10111,B1,必修第一册,vocabulary,128,w,high
sr-B1-0112,length,n.,/leNT/,长；长度,长,senior,1,1,10112,B1,必修第一册,vocabulary,128,4,high
sr-B1-0113,literature,n.,"/""lItr@tS@(r)/",文学；文学作品,文学,senior,1,1,10113,B1,必修第一册,vocabulary,128,1,high
sr-B1-0114,lose heart,,,丧失信心；泄气,丧失信心,senior,1,1,10114,B1,必修第一册,vocabulary,128,3,high
sr-B1-0115,major,adj.,"/""meIdZ@(r)/",主要的；重要的；大的；主修课程；主修学生；主修；专门研究,主要的,senior,1,1,10115,B1,必修第一册,vocabulary,128,5,high
sr-B1-0116,make it,,,获得成功；准时到达,获得成功,senior,1,1,10116,B1,必修第一册,vocabulary,128,3,high
sr-B1-0117,make sense,,,有道理；合乎情理；表述清楚,有道理,senior,1,1,10117,B1,必修第一册,vocabulary,128,3,high
sr-B1-0118,make up,,,构成；形成,构成,senior,1,1,10118,B1,必修第一册,vocabulary,128,2,high
sr-B1-0119,marathon,n.,,马拉松赛跑,马拉松赛跑,senior,1,1,10119,B1,必修第一册,vocabulary,128,3,high
sr-B1-0120,means,n.,/mi:nz/,方式；方法；途径,方式,senior,1,1,10120,B1,必修第一册,vocabulary,128,5,high
sr-B1-0121,medal,n.,"/""medl/",奖章；勋章,奖章,senior,1,1,10121,B1,必修第一册,vocabulary,128,3,high
sr-B1-0122,movement,n.,"/""mu:vm@nt/",动作；运动；活动,动作,senior,1,1,10122,B1,必修第一册,vocabulary,128,1,high
sr-B1-0123,nation,n.,"/""neISn/",国家；民族；国民,国家,senior,1,1,10123,B1,必修第一册,vocabulary,128,w,high
sr-B1-0124,nationality,n.,,国籍；民族,国籍,senior,1,1,10124,B1,必修第一册,vocabulary,128,w,high
sr-B1-0125,native,adj.,"/""neItIv/",出生地的；本地的；土著的；本地人,出生地的,senior,1,1,10125,B1,必修第一册,vocabulary,128,5,high
sr-B1-0126,"no matter where, who, what, etc.",,,不论……；不管……,不论……,senior,1,1,10126,B1,必修第一册,vocabulary,128,5,high
sr-B1-0127,now and then,,,有时；偶尔,有时,senior,1,1,10127,B1,必修第一册,vocabulary,128,3,high
sr-B1-0128,official,adj.,"/@""fISl/",官方的；正式的；公务的；官员；要员(,官方的,senior,1,1,10128,B1,必修第一册,vocabulary,128,,high
sr-B1-0129,on hand,,,现有（尤指帮助）,现有（尤指帮助）,senior,1,1,10129,B1,必修第一册,vocabulary,129,4,high
sr-B1-0130,organisation,n.,"/%O:g@naI""zeISn/",组织；团体；机构,组织,senior,1,1,10130,B1,必修第一册,vocabulary,129,w,high
sr-B1-0131,other than,,,除……以外,除……以外,senior,1,1,10131,B1,必修第一册,vocabulary,129,2,high
sr-B1-0132,package,n.,,包裹；包装盒；将……包装好,包裹,senior,1,1,10132,B1,必修第一册,vocabulary,129,2,high
sr-B1-0133,package tour,,,包价旅游,包价旅游,senior,1,1,10133,B1,必修第一册,vocabulary,129,2,high
sr-B1-0134,path,n.,/pA:T/,小路；路线；道路,小路,senior,1,1,10134,B1,必修第一册,vocabulary,129,2,high
sr-B1-0135,personality,n.,,性格；个性,性格,senior,1,1,10135,B1,必修第一册,vocabulary,129,w,high
sr-B1-0136,petrol,,"/""petr@l/",汽油,汽油,senior,1,1,10136,B1,必修第一册,vocabulary,129,5,high
sr-B1-0137,pipe,n.,/paIp/,管子；管道,管子,senior,1,1,10137,B1,必修第一册,vocabulary,129,4,high
sr-B1-0138,point of view,,,观点；看法,观点,senior,1,1,10138,B1,必修第一册,vocabulary,129,5,high
sr-B1-0139,positive,adj.,"/""pQz@tIv/",积极的；正面的；乐观的；肯定的,积极的,senior,1,1,10139,B1,必修第一册,vocabulary,129,3,high
sr-B1-0140,prefer … to …,,,喜欢……多于……,喜欢……多于……,senior,1,1,10140,B1,必修第一册,vocabulary,129,1,high
sr-B1-0141,pretend,vt.,"/prI""tend/",假装；装扮,假装,senior,1,1,10141,B1,必修第一册,vocabulary,129,3,high
sr-B1-0142,pretend to do sth,,,假装做某事,假装做某事,senior,1,1,10142,B1,必修第一册,vocabulary,129,3,high
sr-B1-0143,rather than,,,而不是,而不是,senior,1,1,10143,B1,必修第一册,vocabulary,129,3,high
sr-B1-0144,recognise,vt.,"/""rek@gnaIz/",辨别出；承认；认可,辨别出,senior,1,1,10144,B1,必修第一册,vocabulary,129,2,high
sr-B1-0145,recommend,vt.,"/%rek@""mend/",建议；推荐；介绍,建议,senior,1,1,10145,B1,必修第一册,vocabulary,129,1,high
sr-B1-0146,refer,vi.,"/rI""f3:(r)/",提到；参考；查阅；查询；叫……求助于,提到,senior,1,1,10146,B1,必修第一册,vocabulary,129,5,high
sr-B1-0147,refer to,,,指的是；描述；提到；查阅,指的是,senior,1,1,10147,B1,必修第一册,vocabulary,129,5,high
sr-B1-0148,reference,n.,"/""refr@ns/",指称关系；参考,指称关系,senior,1,1,10148,B1,必修第一册,vocabulary,129,5,high
sr-B1-0149,register,vi.,"/""redZIst@(r)/",登记；注册,登记,senior,1,1,10149,B1,必修第一册,vocabulary,129,w,high
sr-B1-0150,relate,vt.,"/rI""leIt/",联系；讲述,联系,senior,1,1,10150,B1,必修第一册,vocabulary,129,5,high
sr-B1-0151,relate to,,,与……相关；涉及；谈到,与……相关,senior,1,1,10151,B1,必修第一册,vocabulary,129,5,high
sr-B1-0152,rent,vt.,/rent/,租用；出租；租用；租金为；租金,租用,senior,1,1,10152,B1,必修第一册,vocabulary,129,2,high
sr-B1-0153,rescue,vt.,"/""reskju:/",营救；救援,营救,senior,1,1,10153,B1,必修第一册,vocabulary,129,4,high
sr-B1-0154,responsibility,n.,"/rI%spQns@""bIl@ti/",责任；义务,责任,senior,1,1,10154,B1,必修第一册,vocabulary,129,1,high
sr-B1-0155,be responsible for,,,对……负责,对……负责,senior,1,1,10155,B1,必修第一册,vocabulary,129,1,high
sr-B1-0156,revise,vi.,"/rI""vaIz/",修改；修订；复习,修改,senior,1,1,10156,B1,必修第一册,vocabulary,129,w,high
sr-B1-0157,ruin,vt.,"/""ru:In/",破坏；毁坏,破坏,senior,1,1,10157,B1,必修第一册,vocabulary,129,4,high
sr-B1-0158,in ruins,,,严重受损；破败不堪,严重受损,senior,1,1,10158,B1,必修第一册,vocabulary,129,4,high
sr-B1-0159,senior high school,,,美国）高中,美国）高中,senior,1,1,10159,B1,必修第一册,vocabulary,129,w,high
sr-B1-0160,set an example,,,树立榜样,树立榜样,senior,1,1,10160,B1,必修第一册,vocabulary,129,3,high
sr-B1-0161,sex,n.,/seks/,性别,性别,senior,1,1,10161,B1,必修第一册,vocabulary,130,w,high
sr-B1-0162,shelter,n.,"/""Selt@(r)/",避难处；居所；庇护；供应（量）；补给；补给品；供应；供给,避难处,senior,1,1,10162,B1,必修第一册,vocabulary,130,4,high
sr-B1-0163,survive,vi.,"/s@""vaIv/",生存；存活；幸存；艰难度过,生存,senior,1,1,10163,B1,必修第一册,vocabulary,130,4,high
sr-B1-0164,sweat,vt.,/swet/,使出汗；出汗弄湿；出汗；流汗；保护；掩蔽；躲避（风雨或危险）,使出汗,senior,1,1,10164,B1,必修第一册,vocabulary,130,4,high
sr-B1-0165,shock,n.,/SQk/,震惊；令人震惊的事；休克；使）震惊,震惊,senior,1,1,10165,B1,必修第一册,vocabulary,130,4,high
sr-B1-0166,sweep away,,,消灭；彻底消除,消灭,senior,1,1,10166,B1,必修第一册,vocabulary,130,4,high
sr-B1-0167,system,n.,"/""sIst@m/",体系；制度；系统,体系,senior,1,1,10167,B1,必修第一册,vocabulary,130,5,high
sr-B1-0168,in shock,,,震惊；吃惊,震惊,senior,1,1,10168,B1,必修第一册,vocabulary,130,4,high
sr-B1-0169,sight,n.,/saIt/,景象；视野；视力,景象,senior,1,1,10169,B1,必修第一册,vocabulary,130,2,high
sr-B1-0170,sign up (for sth),,,报名（参加课程）,报名（参加课程）,senior,1,1,10170,B1,必修第一册,vocabulary,130,1,high
sr-B1-0171,site,n.,/saIt/,地点；位置；现场,地点,senior,1,1,10171,B1,必修第一册,vocabulary,130,2,high
sr-B1-0172,ski,adj.,/ski:/,滑雪的；滑雪,滑雪的,senior,1,1,10172,B1,必修第一册,vocabulary,130,3,high
sr-B1-0173,slide,,/slaId/,使）；滑行；滑动,使）,senior,1,1,10173,B1,必修第一册,vocabulary,130,4,high
sr-B1-0174,slim,adj.,/slIm/,苗条的；单薄的,苗条的,senior,1,1,10174,B1,必修第一册,vocabulary,130,3,high
sr-B1-0175,soldier,n.,"/""s@UldZ@(r)/",士兵；军人,士兵,senior,1,1,10175,B1,必修第一册,vocabulary,130,2,high
sr-B1-0176,solution,n.,"/s@""lu:Sn/",解决办法；答案,解决办法,senior,1,1,10176,B1,必修第一册,vocabulary,130,1,high
sr-B1-0177,source,n.,/sO:s/,来源；出处,来源,senior,1,1,10177,B1,必修第一册,vocabulary,130,2,high
sr-B1-0178,take notes,,,记笔记,记笔记,senior,1,1,10178,B1,必修第一册,vocabulary,130,w,high
sr-B1-0179,specific,adj.,"/sp@""sIfIk/",特定的；明确的；具体的,特定的,senior,1,1,10179,B1,必修第一册,vocabulary,130,5,high
sr-B1-0180,stadium,,"/""steIdi@m/",安第斯山脉,安第斯山脉,senior,1,1,10180,B1,必修第一册,vocabulary,130,2,high
sr-B1-0181,statue,n.,,雕塑；雕像,雕塑,senior,1,1,10181,B1,必修第一册,vocabulary,130,2,high
sr-B1-0182,strategy,n.,,策略；策划,策略,senior,1,1,10182,B1,必修第一册,vocabulary,130,w,high
sr-B1-0183,strength,n.,/streNT/,力量；体力,力量,senior,1,1,10183,B1,必修第一册,vocabulary,130,3,high
sr-B1-0184,title,,"/""taItl/",书、诗歌等的）名称；标题；职称；头衔,书、诗歌等的）名称,senior,1,1,10184,B1,必修第一册,vocabulary,130,1,high
sr-B1-0185,topic,n.,"/""tQpIk/",话题；标题,话题,senior,1,1,10185,B1,必修第一册,vocabulary,130,1,high
sr-B1-0186,strike,,/straIk/,侵袭；突击；击打；罢工；罢课；袭击,侵袭,senior,1,1,10186,B1,必修第一册,vocabulary,130,4,high
sr-B1-0187,track,n. vi.,,跑道；足迹；铁路轨道；斗争；奋斗；搏斗,跑道,senior,1,1,10187,B1,必修第一册,vocabulary,130,5,high
sr-B1-0188,suffer,vt. vi.,"/""sVf@/",遭受；蒙受；追踪；跟踪,遭受,senior,1,1,10188,B1,必修第一册,vocabulary,130,3,high
sr-B1-0189,track and field,,,田径,田径,senior,1,1,10189,B1,必修第一册,vocabulary,130,3,high
sr-B1-0190,transport,adj.,,因疾病、痛苦、悲伤等）受苦(；交通运输系统；合适的；适用的,因疾病、痛苦、悲伤等）受苦(,senior,1,1,10190,B1,必修第一册,vocabulary,130,1,high
sr-B1-0191,suitable for,vt.,,对……适合的(；运输；运送,对……适合的(,senior,1,1,10191,B1,必修第一册,vocabulary,130,2,high
sr-B1-0192,trap,vt.,,使落入险境；使陷入圈套；险境；陷阱,使落入险境,senior,1,1,10192,B1,必修第一册,vocabulary,130,4,high
sr-B1-0193,summary,n.,"/""sVm@ri/",总结；概括；概要(,总结,senior,1,1,10193,B1,必修第一册,vocabulary,130,,high
sr-B1-0194,typhoon,n.,"/taI""fu:n/",台风,台风,senior,1,1,10194,B1,必修第一册,vocabulary,131,4,high
sr-B1-0195,unique,adj.,"/ju""ni:k/",唯一的；独特的；特有的,唯一的,senior,1,1,10195,B1,必修第一册,vocabulary,131,2,high
sr-B1-0196,ups and downs,,,浮沉；兴衰；荣辱,浮沉,senior,1,1,10196,B1,必修第一册,vocabulary,131,5,high
sr-B1-0197,view,n.,/vju:/,视野；景色；看法,视野,senior,1,1,10197,B1,必修第一册,vocabulary,131,2,high
sr-B1-0198,wisdom,n.,"/""wIzd@m/",智慧；才智,智慧,senior,1,1,10198,B1,必修第一册,vocabulary,131,4,high
sr-B1-0199,what if,,,要是……会怎么样呢,要是……会怎么样呢,senior,1,1,10199,B1,必修第一册,vocabulary,131,w,high
sr-B2-0200,access,n.,,通道；（使用、查阅、接近或面见的）机会；靠近,通道,senior,2,2,10200,B2,必修第二册,vocabulary,114,4,high
sr-B2-0201,as well as,,,同（一样也）；和；还,同（一样也）,senior,2,2,10201,B2,必修第二册,vocabulary,114,4,high
sr-B2-0202,assume,vt.,"/@""sju:m/",以为；假设,以为,senior,2,2,10202,B2,必修第二册,vocabulary,114,5,high
sr-B2-0203,account,n.,"/@""kaUnt/",账户；描述,账户,senior,2,2,10203,B2,必修第二册,vocabulary,114,3,high
sr-B2-0204,ache,n.,/eIk/,疼痛,疼痛,senior,2,2,10204,B2,必修第二册,vocabulary,114,5,high
sr-B2-0205,adapt,vi.,,适应阿斯旺大坝,适应阿斯旺大坝,senior,2,2,10205,B2,必修第二册,vocabulary,114,1,high
sr-B2-0206,attack,vt.,,攻击；抨击,攻击,senior,2,2,10206,B2,必修第二册,vocabulary,114,2,high
sr-B2-0207,attempt,vt.,"/@""tempt/",企图；试图；尝试,企图,senior,2,2,10207,B2,必修第二册,vocabulary,114,1,high
sr-B2-0208,author,n.,"/""O:T@(r)/",作者；作家,作者,senior,2,2,10208,B2,必修第二册,vocabulary,114,3,high
sr-B2-0209,authority,n.,"/O:""TQr@ti/",官方；当权；权威,官方,senior,2,2,10209,B2,必修第二册,vocabulary,114,2,high
sr-B2-0210,average,n.,,平均数；平均水平；使适应；使适合,平均数,senior,2,2,10210,B2,必修第二册,vocabulary,114,2,high
sr-B2-0211,adapt to,,,适应,适应,senior,2,2,10211,B2,必修第二册,vocabulary,114,2,high
sr-B2-0212,addition,n.,"/@""dISn/",添加；加法；增加物,添加,senior,2,2,10212,B2,必修第二册,vocabulary,114,5,high
sr-B2-0213,in addition (to sb/sth),,,除……以外（还）,除……以外（还）,senior,2,2,10213,B2,必修第二册,vocabulary,114,5,high
sr-B2-0214,aim,n.,/eIm/,目的；目标；平均的；正常的；普通的,目的,senior,2,2,10214,B2,必修第二册,vocabulary,114,2,high
sr-B2-0215,on average,,,平均,平均,senior,2,2,10215,B2,必修第二册,vocabulary,114,2,high
sr-B2-0216,award,vt.,"/@""wO:d/",授予；奖品,授予,senior,2,2,10216,B2,必修第二册,vocabulary,114,5,high
sr-B2-0217,aware,adj.,"/@""we@(r)/",知道；发觉；有……意识的,知道,senior,2,2,10217,B2,必修第二册,vocabulary,114,2,high
sr-B2-0218,aware of,,,意识到；知道,意识到,senior,2,2,10218,B2,必修第二册,vocabulary,114,2,high
sr-B2-0219,all over the world,,,在世界各地,在世界各地,senior,2,2,10219,B2,必修第二册,vocabulary,114,1,high
sr-B2-0220,altogether,,"/%O:lt@""geD@(r)/",用以强调）全部；总共,用以强调）全部,senior,2,2,10220,B2,必修第二册,vocabulary,114,5,high
sr-B2-0221,amount,n.,"/@""maUnt/",金额；数量,金额,senior,2,2,10221,B2,必修第二册,vocabulary,114,4,high
sr-B2-0222,balance,n.,,平衡；均匀；使平衡,平衡,senior,2,2,10222,B2,必修第二册,vocabulary,114,1,high
sr-B2-0223,keep balance,,,保持平衡,保持平衡,senior,2,2,10223,B2,必修第二册,vocabulary,114,1,high
sr-B2-0224,battery,n.,,电池,电池,senior,2,2,10224,B2,必修第二册,vocabulary,114,3,high
sr-B2-0225,battle,n.,,战役；搏斗盎格鲁撒克逊人,战役,senior,2,2,10225,B2,必修第二册,vocabulary,114,4,high
sr-B2-0226,beer,,/bI@(r)/,一杯）啤酒,一杯）啤酒,senior,2,2,10226,B2,必修第二册,vocabulary,114,4,high
sr-B2-0227,being,n.,"/""bi:IN/",身心；存在；生物,身心,senior,2,2,10227,B2,必修第二册,vocabulary,114,5,high
sr-B2-0228,belong to,,,属于(；的缩略形式）,属于(,senior,2,2,10228,B2,必修第二册,vocabulary,114,1,high
sr-B2-0229,application,n.,,申请(；表)；用途；运用；应用(；程序)(,申请(,senior,2,2,10229,B2,必修第二册,vocabulary,114,,high
sr-B2-0230,benefit,n.,"/""benIfIt/",益处；使受益；得益于,益处,senior,2,2,10230,B2,必修第二册,vocabulary,115,3,high
sr-B2-0231,blog,n.,/blQg/,博客；写博客,博客,senior,2,2,10231,B2,必修第二册,vocabulary,115,3,high
sr-B2-0232,blog post,,,博文；博客帖子,博文,senior,2,2,10232,B2,必修第二册,vocabulary,115,3,high
sr-B2-0233,break away (from sb/sth),,,脱离；背叛；逃脱,脱离,senior,2,2,10233,B2,必修第二册,vocabulary,115,4,high
sr-B2-0234,butter,n.,"/""bVt@(r)/",黄油；奶油；涂黄油于,黄油,senior,2,2,10234,B2,必修第二册,vocabulary,115,4,high
sr-B2-0235,button,n.,"/""bVtn/",按钮；纽扣,按钮,senior,2,2,10235,B2,必修第二册,vocabulary,115,3,high
sr-B2-0236,capable,adj.,"/""keIp@bl/",有能力的；有才能的,有能力的,senior,2,2,10236,B2,必修第二册,vocabulary,115,5,high
sr-B2-0237,cash,n.,,现金；金钱,现金,senior,2,2,10237,B2,必修第二册,vocabulary,115,3,high
sr-B2-0238,cattle,n.,,牛,牛,senior,2,2,10238,B2,必修第二册,vocabulary,115,4,high
sr-B2-0239,charge,n.,/tSA:dZ/,收费；指控；主管；收费；控告；充电,收费,senior,2,2,10239,B2,必修第二册,vocabulary,115,4,high
sr-B2-0240,charity,n.,,慈善；慈善机构（或组织）,慈善,senior,2,2,10240,B2,必修第二册,vocabulary,115,3,high
sr-B2-0241,chat,vi.,,聊天；闲聊,聊天,senior,2,2,10241,B2,必修第二册,vocabulary,115,3,high
sr-B2-0242,chief,adj.,/tSi:f/,最重要的；最高级别的；公司或机构的）首领；酋长,最重要的,senior,2,2,10242,B2,必修第二册,vocabulary,115,4,high
sr-B2-0243,click,vi.,/klIk/,点击,点击,senior,2,2,10243,B2,必修第二册,vocabulary,115,3,high
sr-B2-0244,clue,n.,/klu:/,线索；提示,线索,senior,2,2,10244,B2,必修第二册,vocabulary,115,1,high
sr-B2-0245,committee,n.,"/k@""mIti/",委员会,委员会,senior,2,2,10245,B2,必修第二册,vocabulary,115,1,high
sr-B2-0246,comparison,n.,,比较；相比,比较,senior,2,2,10246,B2,必修第二册,vocabulary,115,1,high
sr-B2-0247,composition,n.,"/%kQmp@""zISn/",成分；（音乐、艺术、诗歌的）作品,成分,senior,2,2,10247,B2,必修第二册,vocabulary,115,5,high
sr-B2-0248,concern,vt.,"/k@n""s3:n/",涉及；让……担忧,涉及,senior,2,2,10248,B2,必修第二册,vocabulary,115,2,high
sr-B2-0249,concerned about,vt.,"/""kQndVkt/",对……关切的；为……担忧的(；行为；举止；管理方法组织；安排；带领,对……关切的,senior,2,2,10249,B2,必修第二册,vocabulary,115,1,high
sr-B2-0250,conduct,,"/k@n""dVkt@(r)/",乐队、合唱团等的）指挥；（公共汽车的）售票员,乐队、合唱团等的）指挥,senior,2,2,10250,B2,必修第二册,vocabulary,115,5,high
sr-B2-0251,conference,n.,"/""kQnf@r@ns/",会议；研讨会；正式会谈,会议,senior,2,2,10251,B2,必修第二册,vocabulary,115,3,high
sr-B2-0252,confirm,vt.,"/k@n""f3:(r)m/",确认；使确信,确认,senior,2,2,10252,B2,必修第二册,vocabulary,115,3,high
sr-B2-0253,confucius,,"/k@n""fju:S@s/",孔子,孔子,senior,2,2,10253,B2,必修第二册,vocabulary,115,4,high
sr-B2-0254,contrast,n. vt.,"/""kQntrA:st/",对比；对照对比；对照,对比,senior,2,2,10254,B2,必修第二册,vocabulary,115,1,high
sr-B2-0255,contribution,n.,"/%kQntrI""bju:Sn/",捐款；贡献；捐赠,捐款,senior,2,2,10255,B2,必修第二册,vocabulary,115,1,high
sr-B2-0256,county,,"/""kaUnti/",英国、爱尔兰的）郡；（美国的）县,英国、爱尔兰的）郡,senior,2,2,10256,B2,必修第二册,vocabulary,115,4,high
sr-B2-0257,creature,n.,"/""kri:tS@(r)/",生物；动物,生物,senior,2,2,10257,B2,必修第二册,vocabulary,115,2,high
sr-B2-0258,cure,vt. n.,/kjU@(r)/,治愈；治好（疾病）；解决（问题）；药物；治疗；（解决问题、改善糟糕情况的）措施,治愈,senior,2,2,10258,B2,必修第二册,vocabulary,115,5,high
sr-B2-0259,database,n.,"/""deIt@beIs/",数据库；资料库,数据库,senior,2,2,10259,B2,必修第二册,vocabulary,115,3,high
sr-B2-0260,day and night,,,日日夜夜；夜以继日,日日夜夜,senior,2,2,10260,B2,必修第二册,vocabulary,115,2,high
sr-B2-0261,deer,n.,/dI@(r)/,鹿,鹿,senior,2,2,10261,B2,必修第二册,vocabulary,115,2,high
sr-B2-0262,defence,n.,"/dI""fens/",防御；保卫,防御,senior,2,2,10262,B2,必修第二册,vocabulary,115,4,high
sr-B2-0263,department,n.,"/dI""pA:tm@nt/",部；司；科,部,senior,2,2,10263,B2,必修第二册,vocabulary,115,1,high
sr-B2-0264,die out,,,灭亡；逐渐消失,灭亡,senior,2,2,10264,B2,必修第二册,vocabulary,115,2,high
sr-B2-0265,digital,adj.,"/""dIdZItl/",数码的；数字显示的,数码的,senior,2,2,10265,B2,必修第二册,vocabulary,116,1,high
sr-B2-0266,discount,n. adj.,"/""dIskaUnt/",折扣；已灭绝的,折扣,senior,2,2,10266,B2,必修第二册,vocabulary,116,2,high
sr-B2-0267,extinction,n. vt.,"/Ik""stINkSn/",灭绝(；打折,灭绝(,senior,2,2,10267,B2,必修第二册,vocabulary,116,3,high
sr-B2-0268,distance,n.,"/""dIst@ns/",距离,距离,senior,2,2,10268,B2,必修第二册,vocabulary,116,3,high
sr-B2-0269,document,n.,"/""dQkjum@nt/",文件；公文；(；计算机)；文档；记录；记载(；详情),文件,senior,2,2,10269,B2,必修第二册,vocabulary,116,1,high
sr-B2-0270,dolphin,n.,"/""dQlfIn/",海豚,海豚,senior,2,2,10270,B2,必修第二册,vocabulary,116,2,high
sr-B2-0271,donate,,"/d@U""neIt/",尤指向慈善机构)；捐赠；赠送；献(；血),尤指向慈善机构),senior,2,2,10271,B2,必修第二册,vocabulary,116,1,high
sr-B2-0272,donate … to …,,,向……捐赠……,向……捐赠……,senior,2,2,10272,B2,必修第二册,vocabulary,116,1,high
sr-B2-0273,download,vt.,"/%daUn""l@Ud/",下载；爱上,下载,senior,2,2,10273,B2,必修第二册,vocabulary,116,5,high
sr-B2-0274,false,adj.,/fO:ls/,假的；错误的,假的,senior,2,2,10274,B2,必修第二册,vocabulary,116,3,high
sr-B2-0275,familiar,adj.,"/f@""mIli@(r)/",熟悉；熟知,熟悉,senior,2,2,10275,B2,必修第二册,vocabulary,116,3,high
sr-B2-0276,file,n.,/faIl/,文件；文件夹；档案,文件,senior,2,2,10276,B2,必修第二册,vocabulary,116,3,high
sr-B2-0277,forgive,,"/f@""gIv/",原谅；宽恕；对不起；请原谅,原谅,senior,2,2,10277,B2,必修第二册,vocabulary,116,1,high
sr-B2-0278,former,adj.,"/""fO:m@(r)/",以前的；(；两者中）前者的,以前的,senior,2,2,10278,B2,必修第二册,vocabulary,116,1,high
sr-B2-0279,from (then) on,,,从（那）时起,从（那）时起,senior,2,2,10279,B2,必修第二册,vocabulary,116,5,high
sr-B2-0280,function,n.,"/""fVNkSn/",功能；作用；机能；下载；已下载的数据资料,功能,senior,2,2,10280,B2,必修第二册,vocabulary,116,1,high
sr-B2-0281,due to,,,由于；因为,由于,senior,2,2,10281,B2,必修第二册,vocabulary,116,2,high
sr-B2-0282,fund,n.,/fVnd/,基金；专款,基金,senior,2,2,10282,B2,必修第二册,vocabulary,116,1,high
sr-B2-0283,further,adj.,"/""f3:D@(r)/",热切的；渴望的,热切的,senior,2,2,10283,B2,必修第二册,vocabulary,116,4,high
sr-B2-0284,emotion,n.,"/I""m@USn/",感情；情感；情绪,感情,senior,2,2,10284,B2,必修第二册,vocabulary,116,2,high
sr-B2-0285,enable,vt.,"/I""neIbl/",使能够；使可能,使能够,senior,2,2,10285,B2,必修第二册,vocabulary,116,5,high
sr-B2-0286,engine,n.,"/""endZIn/",引擎；发动机；火车头,引擎,senior,2,2,10286,B2,必修第二册,vocabulary,116,3,high
sr-B2-0287,search engine,,,互联网上的）搜索引擎,互联网上的）搜索引擎,senior,2,2,10287,B2,必修第二册,vocabulary,116,3,high
sr-B2-0288,ensure,vt.,"/In""SU@(r)/",保证；确保；担保,保证,senior,2,2,10288,B2,必修第二册,vocabulary,116,4,high
sr-B2-0289,entrance,n.,"/""entr@ns/",入口；进入,入口,senior,2,2,10289,B2,必修第二册,vocabulary,116,1,high
sr-B2-0290,generous,adj.,"/""dZen@r@s/",慷慨的；大方的；丰富的,慷慨的,senior,2,2,10290,B2,必修第二册,vocabulary,116,4,high
sr-B2-0291,get through,,,设法）处理；完成,设法）处理,senior,2,2,10291,B2,必修第二册,vocabulary,116,5,high
sr-B2-0292,give way to,,,让步；屈服,让步,senior,2,2,10292,B2,必修第二册,vocabulary,116,1,high
sr-B2-0293,go through,,,经历；度过；通读,经历,senior,2,2,10293,B2,必修第二册,vocabulary,116,3,high
sr-B2-0294,goods,n.,/gUdz/,商品；货物,商品,senior,2,2,10294,B2,必修第二册,vocabulary,116,2,high
sr-B2-0295,guideline,n.,"/""gaIdlaIn/",准则；指导原则,准则,senior,2,2,10295,B2,必修第二册,vocabulary,116,3,high
sr-B2-0296,equipment,n.,"/I""kwIpm@nt/",设备；装备,设备,senior,2,2,10296,B2,必修第二册,vocabulary,116,5,high
sr-B2-0297,establish,vt.,,建立；创立,建立,senior,2,2,10297,B2,必修第二册,vocabulary,116,1,high
sr-B2-0298,evidence,n.,"/""evId@ns/",证据；证明,证据,senior,2,2,10298,B2,必修第二册,vocabulary,116,4,high
sr-B2-0299,exist,vi.,"/Ig""zIst/",存在；生存,存在,senior,2,2,10299,B2,必修第二册,vocabulary,116,2,high
sr-B2-0300,exit,n.,"/""eksIt/",出口；通道；动植物的）生活环境；栖息地,出口,senior,2,2,10300,B2,必修第二册,vocabulary,116,2,high
sr-B2-0301,harmony,n.,"/""hA:m@ni/",和谐；融洽,和谐,senior,2,2,10301,B2,必修第二册,vocabulary,116,2,high
sr-B2-0302,achilles’,,"/@""kIli:z/",喻）（希腊神话）阿喀琉斯的脚跟，致命的弱点,喻）（希腊神话）阿喀琉斯的脚跟，致命的弱点,senior,2,2,10302,B2,必修第二册,vocabulary,116,4,high
sr-B2-0303,historic,adj.,"/hI""stQrIk/",历史上著名（或重要）的；有史时期的,历史上著名（或重要）的,senior,2,2,10303,B2,必修第二册,vocabulary,117,1,high
sr-B2-0304,identity,n.,"/aI""dent@ti/",身份；个性,身份,senior,2,2,10304,B2,必修第二册,vocabulary,117,3,high
sr-B2-0305,identity card,,,身份证,身份证,senior,2,2,10305,B2,必修第二册,vocabulary,117,3,high
sr-B2-0306,illegal,adj.,"/I""li:gl/",不合法的；非法的,不合法的,senior,2,2,10306,B2,必修第二册,vocabulary,117,2,high
sr-B2-0307,image,n.,"/""ImIdZ/",形象；印象,形象,senior,2,2,10307,B2,必修第二册,vocabulary,117,1,high
sr-B2-0308,immediately,adv.,"/I""mi:di@tli/",立刻,立刻,senior,2,2,10308,B2,必修第二册,vocabulary,117,2,high
sr-B2-0309,impact,n.,,巨大影响；强大作用；冲击力,巨大影响,senior,2,2,10309,B2,必修第二册,vocabulary,117,5,high
sr-B2-0310,in shape,,,状况良好,状况良好,senior,2,2,10310,B2,必修第二册,vocabulary,117,3,high
sr-B2-0311,individual,adj.,"/%IndI""vIdZu@l/",单独的；个别的；个人,单独的,senior,2,2,10311,B2,必修第二册,vocabulary,117,4,high
sr-B2-0312,inspire,vt.,"/In""spaI@(r)/",鼓舞；激励；启发思考,鼓舞,senior,2,2,10312,B2,必修第二册,vocabulary,117,3,high
sr-B2-0313,intend,vt.,"/In""tend/",打算；计划；想要,打算,senior,2,2,10313,B2,必修第二册,vocabulary,117,2,high
sr-B2-0314,investigate,vt.,"/In""vestIgeIt/",调查；研究,调查,senior,2,2,10314,B2,必修第二册,vocabulary,117,1,high
sr-B2-0315,issue,n.,"/""ISu:;BrEalso""Isju: /",重要议题；争论的问题；宣布；公布,重要议题,senior,2,2,10315,B2,必修第二册,vocabulary,117,1,high
sr-B2-0316,join … to …,,,把……和……连接或联结起来,把……和……连接或联结起来,senior,2,2,10316,B2,必修第二册,vocabulary,117,4,high
sr-B2-0317,keep (…) in mind,,,牢记,牢记,senior,2,2,10317,B2,必修第二册,vocabulary,117,3,high
sr-B2-0318,keep sb company,,,陪伴某人,陪伴某人,senior,2,2,10318,B2,必修第二册,vocabulary,117,3,high
sr-B2-0319,keep track of,,,掌握……的最新消息；了解……的动态,掌握……的最新消息,senior,2,2,10319,B2,必修第二册,vocabulary,117,3,high
sr-B2-0320,keep your eyes open (for),,,留心；留意,留心,senior,2,2,10320,B2,必修第二册,vocabulary,117,4,high
sr-B2-0321,kingdom,n.,"/""kINd@m/",王国；领域,王国,senior,2,2,10321,B2,必修第二册,vocabulary,117,4,high
sr-B2-0322,lead to,,,导致,导致,senior,2,2,10322,B2,必修第二册,vocabulary,117,1,high
sr-B2-0323,legal,adj.,"/""li:gl/",法律的；合法的,法律的,senior,2,2,10323,B2,必修第二册,vocabulary,117,4,high
sr-B2-0324,likely,adj.,"/""laIkli/",可能的；可能地,可能的,senior,2,2,10324,B2,必修第二册,vocabulary,117,1,high
sr-B2-0325,limit,n.,"/""lImIt/",限度；限制；限制；限定,限度,senior,2,2,10325,B2,必修第二册,vocabulary,117,1,high
sr-B2-0326,living,adj.,"/""lIvIN/",居住的；活的；在用的；生活；生计,居住的,senior,2,2,10326,B2,必修第二册,vocabulary,117,2,high
sr-B2-0327,loss,n.,/lQs/,丧失；损失,丧失,senior,2,2,10327,B2,必修第二册,vocabulary,117,1,high
sr-B2-0328,make out,,,看清；听清；分清,看清,senior,2,2,10328,B2,必修第二册,vocabulary,117,2,high
sr-B2-0329,make progress,,,取得进步,取得进步,senior,2,2,10329,B2,必修第二册,vocabulary,117,2,high
sr-B2-0330,make sure,,,确保；设法保证,确保,senior,2,2,10330,B2,必修第二册,vocabulary,117,1,high
sr-B2-0331,mass,adj.,,大量的；广泛的；大量；堆；群,大量的,senior,2,2,10331,B2,必修第二册,vocabulary,117,2,high
sr-B2-0332,measure,n.,"/""meZ@(r)/",措施；方法；测量；度量；估量,措施,senior,2,2,10332,B2,必修第二册,vocabulary,117,2,high
sr-B2-0333,military,adj.,"/""mIl@tri/",军事的；军用的,军事的,senior,2,2,10333,B2,必修第二册,vocabulary,117,4,high
sr-B2-0334,moreover,adv.,"/mO:r""@Uv@(r)/",而且；此外,而且,senior,2,2,10334,B2,必修第二册,vocabulary,117,5,high
sr-B2-0335,mount,n.,/maUnt/,山峰；爬上；骑上；爬；登上,山峰,senior,2,2,10335,B2,必修第二册,vocabulary,117,1,high
sr-B2-0336,neighbourhood,n.,"/""neIb@hUd/",临近的地方；街区,临近的地方,senior,2,2,10336,B2,必修第二册,vocabulary,118,2,high
sr-B2-0337,net,n.,/net/,网；钢琴,网,senior,2,2,10337,B2,必修第二册,vocabulary,118,5,high
sr-B2-0338,plain,n.,/pleIn/,平原；简单明了的；直率的；平凡的,平原,senior,2,2,10338,B2,必修第二册,vocabulary,118,2,high
sr-B2-0339,plus,conj.,/plVs/,而且；此外；净得的；纯的,而且,senior,2,2,10339,B2,必修第二册,vocabulary,118,3,high
sr-B2-0340,network,,"/""netw3:(r)k/",互联）网络；网状系统；人际网；将……连接成网络；联播；建立工作关系,互联）网络,senior,2,2,10340,B2,必修第二册,vocabulary,118,3,high
sr-B2-0341,poet,n.,"/""p@UIt/",诗人,诗人,senior,2,2,10341,B2,必修第二册,vocabulary,118,4,high
sr-B2-0342,port,n.,/pO:t/,港口,港口,senior,2,2,10342,B2,必修第二册,vocabulary,118,4,high
sr-B2-0343,poster,n.,"/""p@Ust@(r)/",海报,海报,senior,2,2,10343,B2,必修第二册,vocabulary,118,2,high
sr-B2-0344,preserve,vt.,"/prI""z3:v/",保存；保护；维持内华达州,保存,senior,2,2,10344,B2,必修第二册,vocabulary,118,5,high
sr-B2-0345,now that,,,既然；由于,既然,senior,2,2,10345,B2,必修第二册,vocabulary,118,3,high
sr-B2-0346,under pressure,,,在压力下；承受压力,在压力下,senior,2,2,10346,B2,必修第二册,vocabulary,118,2,high
sr-B2-0347,prevent … from …,,,阻止；不准,阻止,senior,2,2,10347,B2,必修第二册,vocabulary,118,1,high
sr-B2-0348,previous,adj.,"/""pri:vi@s/",先前的；以往的,先前的,senior,2,2,10348,B2,必修第二册,vocabulary,118,5,high
sr-B2-0349,on earth,,,放在疑问词之后表示强调)；究竟；到底,放在疑问词之后表示强调),senior,2,2,10349,B2,必修第二册,vocabulary,118,2,high
sr-B2-0350,opportunity,n.,"/%Qp@""tju:n@ti/",机会；时机,机会,senior,2,2,10350,B2,必修第二册,vocabulary,118,5,high
sr-B2-0351,ordinary,adj.,"/""O:dnri/",普通的；平凡的,普通的,senior,2,2,10351,B2,必修第二册,vocabulary,118,5,high
sr-B2-0352,original,adj.,"/@""rIdZ@nl/",原来的；独创的；原作的；处理；加工,原来的,senior,2,2,10352,B2,必修第二册,vocabulary,118,1,high
sr-B2-0353,profit,n.,"/""prQfIt/",利润；利益,利润,senior,2,2,10353,B2,必修第二册,vocabulary,118,2,high
sr-B2-0354,promote,vt.,"/pr@""m@Ut/",促进；提升；推销；晋级,促进,senior,2,2,10354,B2,必修第二册,vocabulary,118,1,high
sr-B2-0355,proposal,n.,"/pr@""p@Uzl/",提议；建议,提议,senior,2,2,10355,B2,必修第二册,vocabulary,118,1,high
sr-B2-0356,make a proposal,,,提出建议,提出建议,senior,2,2,10356,B2,必修第二册,vocabulary,118,1,high
sr-B2-0357,protest,n.,"/""pr@Utest/",抗议；原件；原作,抗议,senior,2,2,10357,B2,必修第二册,vocabulary,118,5,high
sr-B2-0358,outline,vt.,"/""aUtlaIn/",概述；概要,概述,senior,2,2,10358,B2,必修第二册,vocabulary,118,5,high
sr-B2-0359,overseas,adj.,"/%@Uv@(r)""si:z/",海外的；在海外,海外的,senior,2,2,10359,B2,必修第二册,vocabulary,118,1,high
sr-B2-0360,prove,vt.,/pru:v/,证明；展现,证明,senior,2,2,10360,B2,必修第二册,vocabulary,118,5,high
sr-B2-0361,province,n.,"/""prQvIns/",省,省,senior,2,2,10361,B2,必修第二册,vocabulary,118,3,high
sr-B2-0362,pub,n.,/pVb/,酒吧；酒馆,酒吧,senior,2,2,10362,B2,必修第二册,vocabulary,118,4,high
sr-B2-0363,particular,adj.,"/p@""tIkj@l@(r)/",特定的；特别的；讲究的,特定的,senior,2,2,10363,B2,必修第二册,vocabulary,118,3,high
sr-B2-0364,performance,n.,"/p@""fO:(r)m@ns/",质量；品质；素质；特征；表演；演技；表现,质量,senior,2,2,10364,B2,必修第二册,vocabulary,118,5,high
sr-B2-0365,quote,vt.,/kw@Ut/,引用,引用,senior,2,2,10365,B2,必修第二册,vocabulary,118,1,high
sr-B2-0366,phenomenon,n.,"/f@""nQmIn@n/",现象,现象,senior,2,2,10366,B2,必修第二册,vocabulary,118,5,high
sr-B2-0367,philosophy,n.,"/f@""lQs@fi/",哲学,哲学,senior,2,2,10367,B2,必修第二册,vocabulary,118,4,high
sr-B2-0368,rate,n.,/reIt/,速度；（比）率；划分等级,速度,senior,2,2,10368,B2,必修第二册,vocabulary,119,2,high
sr-B2-0369,rating,n.,"/""reItIN/",等级；级别,等级,senior,2,2,10369,B2,必修第二册,vocabulary,119,2,high
sr-B2-0370,reaction,n.,,反应；回应,反应,senior,2,2,10370,B2,必修第二册,vocabulary,119,5,high
sr-B2-0371,recover,vi.,"/rI""kVv@(r)/",恢复；康复；找回；寻回,恢复,senior,2,2,10371,B2,必修第二册,vocabulary,119,2,high
sr-B2-0372,reduce,vt.,"/rI""dju:s/",减少,减少,senior,2,2,10372,B2,必修第二册,vocabulary,119,2,high
sr-B2-0373,remind sb of sb/sth,,,使某人想起（类似的人或物）,使某人想起（类似的人或物）,senior,2,2,10373,B2,必修第二册,vocabulary,119,2,high
sr-B2-0374,remove,vt.,"/rI""mu:v/",去除；移开；脱去,去除,senior,2,2,10374,B2,必修第二册,vocabulary,119,2,high
sr-B2-0375,republic,n.,"/rI""pVblIk/",共和国,共和国,senior,2,2,10375,B2,必修第二册,vocabulary,119,1,high
sr-B2-0376,reserve,vt.,"/rI""z3:v/",动植物）保护区；储藏（量）；预订；预留；保留,动植物）保护区,senior,2,2,10376,B2,必修第二册,vocabulary,119,2,high
sr-B2-0377,resident,n.,"/""rezId@nt/",居民；（美国的）住院医生；在某地）居住的,居民,senior,2,2,10377,B2,必修第二册,vocabulary,119,3,high
sr-B2-0378,roll,,/r@Ul/,使）翻滚；（使）滚动；卷（轴）；翻滚,使）翻滚,senior,2,2,10378,B2,必修第二册,vocabulary,119,4,high
sr-B2-0379,romantic,adj.,,浪漫的；浪漫的人,浪漫的,senior,2,2,10379,B2,必修第二册,vocabulary,119,5,high
sr-B2-0380,roof,n.,/ru:f/,顶部；屋顶,顶部,senior,2,2,10380,B2,必修第二册,vocabulary,119,1,high
sr-B2-0381,rude,adj.,/ru:d/,粗鲁的；无礼的,粗鲁的,senior,2,2,10381,B2,必修第二册,vocabulary,119,3,high
sr-B2-0382,search for,,,搜索；查找,搜索,senior,2,2,10382,B2,必修第二册,vocabulary,119,2,high
sr-B2-0383,set sth up,,,安装好（设备或机器）,安装好（设备或机器）,senior,2,2,10383,B2,必修第二册,vocabulary,119,5,high
sr-B2-0384,sheet,n.,/Si:t/,一张（纸）；床单；被单(；射杀；射伤；发射,一张（纸）,senior,2,2,10384,B2,必修第二册,vocabulary,119,2,high
sr-B2-0385,skin,n.,/skIn/,皮；皮肤,皮,senior,2,2,10385,B2,必修第二册,vocabulary,119,2,high
sr-B2-0386,software,n.,"/""sQftwe@(r)/",软件,软件,senior,2,2,10386,B2,必修第二册,vocabulary,119,3,high
sr-B2-0387,somehow,adv.,"/""sVmhaU/",以某种方式（或方法）；不知怎么地,以某种方式（或方法）,senior,2,2,10387,B2,必修第二册,vocabulary,119,5,high
sr-B2-0388,soul,n.,/s@Ul/,灵魂；心灵,灵魂,senior,2,2,10388,B2,必修第二册,vocabulary,119,5,high
sr-B2-0389,species,n.,"/""spi:Si:z/",物种,物种,senior,2,2,10389,B2,必修第二册,vocabulary,119,2,high
sr-B2-0390,stage,,/steIdZ/,发展或进展的）时期；阶段；（多指剧场中的）舞台,发展或进展的）时期,senior,2,2,10390,B2,必修第二册,vocabulary,119,5,high
sr-B2-0391,stir up,,,激起,激起,senior,2,2,10391,B2,必修第二册,vocabulary,119,2,high
sr-B2-0392,stream,vt.,/stri:m/,流播（不用下载直接在互联网上播放音视频）；流出；流动；小河；溪流,流播（不用下载直接在互联网上播放音视频）,senior,2,2,10392,B2,必修第二册,vocabulary,119,3,high
sr-B2-0393,studio,n.,"/""stju:di@U/",演播室；（音乐的）录音棚；工作室,演播室,senior,2,2,10393,B2,必修第二册,vocabulary,119,5,high
sr-B2-0394,surf,vi.,/s3:(r)f/,浏览；冲浪,浏览,senior,2,2,10394,B2,必修第二册,vocabulary,119,3,high
sr-B2-0395,surround,vt.,"/s@""raUnd/",围绕；包围,围绕,senior,2,2,10395,B2,必修第二册,vocabulary,119,4,high
sr-B2-0396,target,n.,"/""tA:gIt/",目标；对象；靶子；把……作为攻击目标,目标,senior,2,2,10396,B2,必修第二册,vocabulary,119,3,high
sr-B2-0397,theft,n.,/Teft/,偷（窃）；盗窃罪,偷（窃）,senior,2,2,10397,B2,必修第二册,vocabulary,120,3,high
sr-B2-0398,threat,n.,/Tret/,威胁,威胁,senior,2,2,10398,B2,必修第二册,vocabulary,120,2,high
sr-B2-0399,threaten,vt.,"/""Tretn/",威胁；危及,威胁,senior,2,2,10399,B2,必修第二册,vocabulary,120,2,high
sr-B2-0400,throughout,prep.,"/Tru:""aut/",各处；遍及；自始至终,各处,senior,2,2,10400,B2,必修第二册,vocabulary,120,1,high
sr-B2-0401,thus,adv.,/DVs/,如此；因此,如此,senior,2,2,10401,B2,必修第二册,vocabulary,120,5,high
sr-B2-0402,unusual,adj.,"/Vn""ju:Zu@l/",特别的；不寻常的,特别的,senior,2,2,10402,B2,必修第二册,vocabulary,120,2,high
sr-B2-0403,update,vt. n.,"/%Vp""deIt/",更新；向……提供最新信息更新；最新消息,更新,senior,2,2,10403,B2,必修第二册,vocabulary,120,3,high
sr-B2-0404,tip,n.,/tIp/,忠告；诀窍；实用的提示,忠告,senior,2,2,10404,B2,必修第二册,vocabulary,120,3,high
sr-B2-0405,tough,adj.,/tVf/,艰难的；严厉的,艰难的,senior,2,2,10405,B2,必修第二册,vocabulary,120,3,high
sr-B2-0406,treatment,n.,"/""tri:tm@nt/",治疗；对待；处理,治疗,senior,2,2,10406,B2,必修第二册,vocabulary,120,5,high
sr-B2-0407,try out​,,,参加……选拔（或试演）,参加……选拔（或试演）,senior,2,2,10407,B2,必修第二册,vocabulary,120,5,high
sr-B2-0408,turn to …,,,向……求助,向……求助,senior,2,2,10408,B2,必修第二册,vocabulary,120,1,high
sr-B2-0409,various,adj.,"/""ve@ri@s/",各种不同的；各种各样的,各种不同的,senior,2,2,10409,B2,必修第二册,vocabulary,120,5,high
sr-B2-0410,virtual,adj.,"/""v3:tSu@l/",很接近的；事实上的；虚拟的,很接近的,senior,2,2,10410,B2,必修第二册,vocabulary,120,5,high
sr-B2-0411,virtual choir,,"/""kwaI@(r)/",虚拟合唱团,虚拟合唱团,senior,2,2,10411,B2,必修第二册,vocabulary,120,5,high
sr-B2-0412,watch over,,,保护；照管；监督,保护,senior,2,2,10412,B2,必修第二册,vocabulary,120,2,high
sr-B2-0413,wi-fi,n.,"/""waI faI/",无线保真（用无线电波而非网线；在计算机网络传输数据的系统）,无线保真（用无线电波而非网线,senior,2,2,10413,B2,必修第二册,vocabulary,120,3,high
sr-B2-0414,wine,n.,/waIn/,葡萄酒；果酒,葡萄酒,senior,2,2,10414,B2,必修第二册,vocabulary,120,4,high
sr-B2-0415,within,adv.,"/wI""DIn/",在（某段时间、距离或范围）之内,在（某段时间、距离或范围）之内,senior,2,2,10415,B2,必修第二册,vocabulary,120,1,high
sr-B2-0416,worthwhile,adj.,"/%w3:(r)T""waIl/",值得做的；值得花时间的,值得做的,senior,2,2,10416,B2,必修第二册,vocabulary,120,1,high
sr-B3-0417,attach,vt.,,系；绑；贴,系,senior,3,3,10417,B3,必修第三册,vocabulary,116,4,high
sr-B3-0418,autonomous,adj.,"/O:""tQn@m@s/",自治的；有自治权的,自治的,senior,3,3,10418,B3,必修第三册,vocabulary,116,1,high
sr-B3-0419,(at) first hand,,,第一手；亲自,第一手,senior,3,3,10419,B3,必修第三册,vocabulary,116,3,high
sr-B3-0420,a great deal (of),,,大量,大量,senior,3,3,10420,B3,必修第三册,vocabulary,116,2,high
sr-B3-0421,absolutely,adv.,,绝对地；完全地,绝对地,senior,3,3,10421,B3,必修第三册,vocabulary,116,1,high
sr-B3-0422,by accident,,,偶然地；意外地,偶然地,senior,3,3,10422,B3,必修第三册,vocabulary,116,3,high
sr-B3-0423,admit,vt.,"/@d""mIt/",承认；广东银行,承认,senior,3,3,10423,B3,必修第三册,vocabulary,116,3,high
sr-B3-0424,bar,n.,/bA:(r)/,酒吧；小吃店；小馆子,酒吧,senior,3,3,10424,B3,必修第三册,vocabulary,116,3,high
sr-B3-0425,basis,n.,"/""beIsIs/",基础；根据；基点,基础,senior,3,3,10425,B3,必修第三册,vocabulary,116,5,high
sr-B3-0426,on the basis of,,,在某事的基础上；根据某事,在某事的基础上,senior,3,3,10426,B3,必修第三册,vocabulary,116,5,high
sr-B3-0427,be about to do sth,,,即将或正要（做某事）,即将或正要（做某事）,senior,3,3,10427,B3,必修第三册,vocabulary,116,5,high
sr-B3-0428,belief,n.,"/bI""li:f/",信仰；信心；信任,信仰,senior,3,3,10428,B3,必修第三册,vocabulary,116,1,high
sr-B3-0429,beneath,prep.,"/bI""ni:T/",在（或往）……下面；在……的表面之下,在（或往）……下面,senior,3,3,10429,B3,必修第三册,vocabulary,116,5,high
sr-B3-0430,bet,n.,/bet/,打赌；赌注；准许进入（或加入）,打赌,senior,3,3,10430,B3,必修第三册,vocabulary,116,3,high
sr-B3-0431,after all,,,毕竟；别忘了,毕竟,senior,3,3,10431,B3,必修第三册,vocabulary,116,1,high
sr-B3-0432,afterwards,adv.,"/""A:ft@w@dz/",以后；后来,以后,senior,3,3,10432,B3,必修第三册,vocabulary,116,3,high
sr-B3-0433,agency,,"/""eIdZ@nsi/",政府的）专门机构；服务机构；代理处,政府的）专门机构,senior,3,3,10433,B3,必修第三册,vocabulary,116,4,high
sr-B3-0434,agriculture,n.,,农业；农艺,农业,senior,3,3,10434,B3,必修第三册,vocabulary,116,1,high
sr-B3-0435,make a bet,,,打个赌,打个赌,senior,3,3,10435,B3,必修第三册,vocabulary,116,5,high
sr-B3-0436,beyond,prep.,"/bI""jQnd/",在更远处；超出,在更远处,senior,3,3,10436,B3,必修第三册,vocabulary,116,4,high
sr-B3-0437,bite,,/baIt/,咬；叮；蜇；咬；（咬下的）一口；咬伤,咬,senior,3,3,10437,B3,必修第三册,vocabulary,116,2,high
sr-B3-0438,boot,n.,/bu:t/,靴子,靴子,senior,3,3,10438,B3,必修第三册,vocabulary,116,3,high
sr-B3-0439,branch,n.,/brA:ntS/,树枝；分支；支流,树枝,senior,3,3,10439,B3,必修第三册,vocabulary,116,1,high
sr-B3-0440,brief,adj.,/bri:f/,简洁的；简单的；短暂的,简洁的,senior,3,3,10440,B3,必修第三册,vocabulary,116,1,high
sr-B3-0441,bring about,,,导致；引起,导致,senior,3,3,10441,B3,必修第三册,vocabulary,116,3,high
sr-B3-0442,broad,adj.,/brO:d/,宽阔的；广阔的；广泛的(；对事物的）分析；分析结果,宽阔的,senior,3,3,10442,B3,必修第三册,vocabulary,116,4,high
sr-B3-0443,apart from,,,除了……外（还）；此外,除了……外（还）,senior,3,3,10443,B3,必修第三册,vocabulary,116,3,high
sr-B3-0444,apologise,vi.,"/@""pQl@dZaIz/",道歉；谢罪,道歉,senior,3,3,10444,B3,必修第三册,vocabulary,116,5,high
sr-B3-0445,as a matter of fact,,,事实上；其实；说真的,事实上,senior,3,3,10445,B3,必修第三册,vocabulary,116,5,high
sr-B3-0446,as a result,,,所以；结果（是）,所以,senior,3,3,10446,B3,必修第三册,vocabulary,116,4,high
sr-B3-0447,aside,adv.,"/@""saId/",到旁边；在旁边；留；存,到旁边,senior,3,3,10447,B3,必修第三册,vocabulary,116,5,high
sr-B3-0448,atlantic,adj.,,大西洋的,大西洋的,senior,3,3,10448,B3,必修第三册,vocabulary,116,3,high
sr-B3-0449,carry on,,,继续做，坚持干,继续做，坚持干,senior,3,3,10449,B3,必修第三册,vocabulary,117,4,high
sr-B3-0450,carry sb through sth,,,帮助某人渡过难关,帮助某人渡过难关,senior,3,3,10450,B3,必修第三册,vocabulary,117,2,high
sr-B3-0451,chairman,n.,"/""tSe@m@n/",主席；主持人；董事长,主席,senior,3,3,10451,B3,必修第三册,vocabulary,117,2,high
sr-B3-0452,christmas carol,,,圣诞颂歌,圣诞颂歌,senior,3,3,10452,B3,必修第三册,vocabulary,117,1,high
sr-B3-0453,church,,/tS3:tS/,基督教的）教堂；礼拜堂,基督教的）教堂,senior,3,3,10453,B3,必修第三册,vocabulary,117,1,high
sr-B3-0454,claim,,/kleIm/,夺取（生命）；宣称；断言,夺取（生命）,senior,3,3,10454,B3,必修第三册,vocabulary,117,3,high
sr-B3-0455,clap,vt.,,鼓掌；拍手；击掌；鼓掌；拍手；掌声,鼓掌,senior,3,3,10455,B3,必修第三册,vocabulary,117,1,high
sr-B3-0456,climate,n.,"/""klaIm@t/",气候,气候,senior,3,3,10456,B3,必修第三册,vocabulary,117,3,high
sr-B3-0457,clinic,n.,"/""klInIk/",诊所；门诊部,诊所,senior,3,3,10457,B3,必修第三册,vocabulary,117,2,high
sr-B3-0458,in closing,,,最后,最后,senior,3,3,10458,B3,必修第三册,vocabulary,117,4,high
sr-B3-0459,collection,n.,"/k@""lekSn/",作品集；收集物；收藏品,作品集,senior,3,3,10459,B3,必修第三册,vocabulary,117,3,high
sr-B3-0460,commercial,adj.,"/k@""m3:Sl/",商业（化）的；以获利为目的的,商业（化）的,senior,3,3,10460,B3,必修第三册,vocabulary,117,1,high
sr-B3-0461,complain,vt.,"/k@m""pleIn/",抱怨；发牢骚,抱怨,senior,3,3,10461,B3,必修第三册,vocabulary,117,2,high
sr-B3-0462,congratulation,n.,,祝贺；恭喜,祝贺,senior,3,3,10462,B3,必修第三册,vocabulary,117,1,high
sr-B3-0463,construction,n.,"/k@n""strVkSn/",建筑；建造；建造物；（句子、短语等的）结构,建筑,senior,3,3,10463,B3,必修第三册,vocabulary,117,3,high
sr-B3-0464,contain,vt.,"/k@n""teIn/",包含；含有；容纳(；某地或某历史时期的）服装；戏装,包含,senior,3,3,10464,B3,必修第三册,vocabulary,117,1,high
sr-B3-0465,court,,/kO:t/,网球等的）球场；法院；法庭,网球等的）球场,senior,3,3,10465,B3,必修第三册,vocabulary,117,2,high
sr-B3-0466,crop,n.,/krQp/,庄稼；作物；一季的收成,庄稼,senior,3,3,10466,B3,必修第三册,vocabulary,117,1,high
sr-B3-0467,current,adj.,"/""kVr@nt/",当前的；现在的；水流；电流；思潮,当前的,senior,3,3,10467,B3,必修第三册,vocabulary,117,4,high
sr-B3-0468,data,,"/""deIt@/",资料；数据,资料,senior,3,3,10468,B3,必修第三册,vocabulary,117,4,high
sr-B3-0469,decade,n.,"/""dekeId/",十年；十年期,十年,senior,3,3,10469,B3,必修第三册,vocabulary,117,2,high
sr-B3-0470,decorate,vt.,"/""dek@reIt/",装饰；装潢,装饰,senior,3,3,10470,B3,必修第三册,vocabulary,117,1,high
sr-B3-0471,definitely,adv.,"/""defIn@tli/",肯定；确实,肯定,senior,3,3,10471,B3,必修第三册,vocabulary,117,3,high
sr-B3-0472,desire,n.,"/dI""zaI@(r)/",渴望；欲望；渴望；期望,渴望,senior,3,3,10472,B3,必修第三册,vocabulary,117,4,high
sr-B3-0473,in despair,,,处于绝望中,处于绝望中,senior,3,3,10473,B3,必修第三册,vocabulary,117,2,high
sr-B3-0474,determine,vt.,"/dI""t3:mIn/",查明；确定；决定,查明,senior,3,3,10474,B3,必修第三册,vocabulary,117,4,high
sr-B3-0475,diagram,n.,,简图；图解；图表；示意图,简图,senior,3,3,10475,B3,必修第三册,vocabulary,117,3,high
sr-B3-0476,disappointed,adj.,"/%dIs@""pOIntId/",失望的；沮丧的,失望的,senior,3,3,10476,B3,必修第三册,vocabulary,117,4,high
sr-B3-0477,district,n.,"/""dIstrIkt/",地区；区域,地区,senior,3,3,10477,B3,必修第三册,vocabulary,117,3,high
sr-B3-0478,diverse,adj.,"/daI""v3:s/",不同的；多种多样的,不同的,senior,3,3,10478,B3,必修第三册,vocabulary,117,3,high
sr-B3-0479,downstairs,adv.,"/%daUn""ste@z/",顺楼梯而下；在楼下；往楼下,顺楼梯而下,senior,3,3,10479,B3,必修第三册,vocabulary,117,5,high
sr-B3-0480,downtown,adv.,"/%daUn""taUn/",在市中心；往市中心,在市中心,senior,3,3,10480,B3,必修第三册,vocabulary,117,3,high
sr-B3-0481,dress (sb) up,,,穿上盛装；装扮,穿上盛装,senior,3,3,10481,B3,必修第三册,vocabulary,117,1,high
sr-B3-0482,duty,n.,"/""dju:ti;NAmE""du:ti/",责任；义务；职责；值班,责任,senior,3,3,10482,B3,必修第三册,vocabulary,117,5,high
sr-B3-0483,on duty,,,值班；值勤,值班,senior,3,3,10483,B3,必修第三册,vocabulary,117,5,high
sr-B3-0484,earn,vi.,/3:n/,挣得；赚得；赢得；博得,挣得,senior,3,3,10484,B3,必修第三册,vocabulary,117,3,high
sr-B3-0485,earn a living,,,谋生,谋生,senior,3,3,10485,B3,必修第三册,vocabulary,117,3,high
sr-B3-0486,election,n.,"/I""lekSn/",选举；推选；当选,选举,senior,3,3,10486,B3,必修第三册,vocabulary,118,2,high
sr-B3-0487,element,n.,"/""elIm@nt/",要素；基本部分,要素,senior,3,3,10487,B3,必修第三册,vocabulary,118,5,high
sr-B3-0488,elsewhere,adv.,"/%els""we@(r)/",在别处；去别处,在别处,senior,3,3,10488,B3,必修第三册,vocabulary,118,2,high
sr-B3-0489,energetic,adj.,"/%en@""dZetIk/",精力充沛的；充满活力的,精力充沛的,senior,3,3,10489,B3,必修第三册,vocabulary,118,2,high
sr-B3-0490,envelope,n.,"/""env@l@Up/",信封；塑料封套,信封,senior,3,3,10490,B3,必修第三册,vocabulary,118,1,high
sr-B3-0491,escape,vt.,"/I""skeIp/",逃走；逃脱；避开；逃跑；逃脱；解脱,逃走,senior,3,3,10491,B3,必修第三册,vocabulary,118,3,high
sr-B3-0492,eventually,adv.,"/I""ventSu@li/",最后；终于,最后,senior,3,3,10492,B3,必修第三册,vocabulary,118,5,high
sr-B3-0493,except for,,,除……之外,除……之外,senior,3,3,10493,B3,必修第三册,vocabulary,118,1,high
sr-B3-0494,export,n. vt.,"/""ekspO:t/",出口；出口商品出口；输出；传播,出口,senior,3,3,10494,B3,必修第三册,vocabulary,118,2,high
sr-B3-0495,extent,n.,"/Ik""stent/",程度；限度；大小；范围,程度,senior,3,3,10495,B3,必修第三册,vocabulary,118,5,high
sr-B3-0496,to … extent,,,到……程度；在……程度上,到……程度,senior,3,3,10496,B3,必修第三册,vocabulary,118,5,high
sr-B3-0497,external,adj.,"/Ik""st3:nl/",外部的；外面的；外界的；外来的,外部的,senior,3,3,10497,B3,必修第三册,vocabulary,118,5,high
sr-B3-0498,facility,n.,"/f@""sIl@ti/",设施；设备,设施,senior,3,3,10498,B3,必修第三册,vocabulary,118,4,high
sr-B3-0499,fade away,,,逐渐消失；（身体）变得虚弱,逐渐消失,senior,3,3,10499,B3,必修第三册,vocabulary,118,1,high
sr-B3-0500,faith,n.,/feIT/,宗教信仰；信任；相信,宗教信仰,senior,3,3,10500,B3,必修第三册,vocabulary,118,1,high
sr-B3-0501,fancy,adj.,,花哨的；精致的；昂贵的；想要；倾慕；自认为是,花哨的,senior,3,3,10501,B3,必修第三册,vocabulary,118,1,high
sr-B3-0502,fee,n.,/fi:/,专业服务费；报酬,专业服务费,senior,3,3,10502,B3,必修第三册,vocabulary,118,2,high
sr-B3-0503,figure,vt.,"/""fIg@(r)/",认为；认定；数字；人物；身材,认为,senior,3,3,10503,B3,必修第三册,vocabulary,118,1,high
sr-B3-0504,figure out,,,弄懂；弄清楚；弄明白,弄懂,senior,3,3,10504,B3,必修第三册,vocabulary,118,4,high
sr-B3-0505,financial,adj.,,财政的；财务的；金融的,财政的,senior,3,3,10505,B3,必修第三册,vocabulary,118,3,high
sr-B3-0506,first aid,,,急救,急救,senior,3,3,10506,B3,必修第三册,vocabulary,118,2,high
sr-B3-0507,flexible,adj.,"/""fleks@bl/",灵活的；可变通的,灵活的,senior,3,3,10507,B3,必修第三册,vocabulary,118,2,high
sr-B3-0508,fortune cookie,,,幸运曲奇,幸运曲奇,senior,3,3,10508,B3,必修第三册,vocabulary,118,3,high
sr-B3-0509,to be frank,,,坦白说；坦率地说,坦白说,senior,3,3,10509,B3,必修第三册,vocabulary,118,1,high
sr-B3-0510,frontier,n.,"/""frVntI@(r)/",边境；国界；边远地区,边境,senior,3,3,10510,B3,必修第三册,vocabulary,118,4,high
sr-B3-0511,globe,n.,/gl@Ub/,地球；世界；地球仪,地球,senior,3,3,10511,B3,必修第三册,vocabulary,118,4,high
sr-B3-0512,grateful,adj.,"/""greItfl/",感激的；表示感谢的,感激的,senior,3,3,10512,B3,必修第三册,vocabulary,118,1,high
sr-B3-0513,gravity,n.,,重力；引力,重力,senior,3,3,10513,B3,必修第三册,vocabulary,118,4,high
sr-B3-0514,harm,vt.,/hA:m/,伤害；损害,伤害,senior,3,3,10514,B3,必修第三册,vocabulary,118,2,high
sr-B3-0515,harvest,n. vt.,"/""hA:vIst/",收获季节；收获；收成；收割（庄稼）；捕猎（动物、鱼）,收获季节,senior,3,3,10515,B3,必修第三册,vocabulary,118,1,high
sr-B3-0516,have sth in common,,,兴趣、想法等方面）相同；有相同的特征,兴趣、想法等方面）相同,senior,3,3,10516,B3,必修第三册,vocabulary,118,1,high
sr-B3-0517,head to,,,朝……）前进；（向……）去,朝……）前进,senior,3,3,10517,B3,必修第三册,vocabulary,118,3,high
sr-B3-0518,hesitate,vi.,"/""hezIteIt/",犹豫；迟疑；顾虑,犹豫,senior,3,3,10518,B3,必修第三册,vocabulary,119,5,high
sr-B3-0519,hire,vt.,/haI@(r)/,聘任；雇用；租用；租借；租用,聘任,senior,3,3,10519,B3,必修第三册,vocabulary,119,2,high
sr-B3-0520,horrible,adj.,"/""hQr@bl/",令人震惊的；恐怖的；极坏的,令人震惊的,senior,3,3,10520,B3,必修第三册,vocabulary,119,1,high
sr-B3-0521,illustrate,,"/""Il@streIt/",举例）说明；阐明；给（书或文章）加插图,举例）说明,senior,3,3,10521,B3,必修第三册,vocabulary,119,2,high
sr-B3-0522,import,n. vt.,"/""ImpO:t/",进口；进口商品进口；输入；引进,进口,senior,3,3,10522,B3,必修第三册,vocabulary,119,2,high
sr-B3-0523,in case,,,以防；以防万一,以防,senior,3,3,10523,B3,必修第三册,vocabulary,119,5,high
sr-B3-0524,in return,,,作为回报；作为回应,作为回报,senior,3,3,10524,B3,必修第三册,vocabulary,119,5,high
sr-B3-0525,in spite,,/spaIt/,不管；尽管,不管,senior,3,3,10525,B3,必修第三册,vocabulary,119,1,high
sr-B3-0526,in that case,,,既然那样；假使那样的话,既然那样,senior,3,3,10526,B3,必修第三册,vocabulary,119,5,high
sr-B3-0527,in the hope of doing sth,,,抱着……的希望,抱着……的希望,senior,3,3,10527,B3,必修第三册,vocabulary,119,4,high
sr-B3-0528,income,n.,"/""InkVm/",收入；收益,收入,senior,3,3,10528,B3,必修第三册,vocabulary,119,2,high
sr-B3-0529,indeed,adv.,"/In""di:d/",其实；实际上；当然；确实,其实,senior,3,3,10529,B3,必修第三册,vocabulary,119,5,high
sr-B3-0530,indicate,vi.,"/""IndIkeIt/",表明；显示；象征；暗示,表明,senior,3,3,10530,B3,必修第三册,vocabulary,119,5,high
sr-B3-0531,inner,adj.,"/""In@(r)/",内部的；里面的；内心的,内部的,senior,3,3,10531,B3,必修第三册,vocabulary,119,1,high
sr-B3-0532,insurance,n.,"/In""SU@r@ns/",保险；保险业,保险,senior,3,3,10532,B3,必修第三册,vocabulary,119,2,high
sr-B3-0533,intention,n.,"/In""tenSn/",打算；计划；意图；目的,打算,senior,3,3,10533,B3,必修第三册,vocabulary,119,5,high
sr-B3-0534,item,n.,"/""aIt@m/",项目；一件商品（或物品）；一条（新闻）,项目,senior,3,3,10534,B3,必修第三册,vocabulary,119,3,high
sr-B3-0535,jazz,n.,,爵士乐(；牛仔裤,爵士乐(,senior,3,3,10535,B3,必修第三册,vocabulary,119,3,high
sr-B3-0536,journal,n.,"/""dZ3:nl/",日志；日记；报纸；刊物,日志,senior,3,3,10536,B3,必修第三册,vocabulary,119,3,high
sr-B3-0537,judge,vi.,/dZVdZ/,评价；评判；判断；法官；审判员；裁判员,评价,senior,3,3,10537,B3,必修第三册,vocabulary,119,5,high
sr-B3-0538,kindergarten,n.,"/""kInd@gA:tn/",学前班；幼儿园,学前班,senior,3,3,10538,B3,必修第三册,vocabulary,119,2,high
sr-B3-0539,lack,n.,,缺乏；短缺；没有；缺乏,缺乏,senior,3,3,10539,B3,必修第三册,vocabulary,119,4,high
sr-B3-0540,lap,,,坐着时的）大腿部；（跑道等的）一圈,坐着时的）大腿部,senior,3,3,10540,B3,必修第三册,vocabulary,119,2,high
sr-B3-0541,launch,n.,/lO:ntS/,发射；发起；上市,发射,senior,3,3,10541,B3,必修第三册,vocabulary,119,4,high
sr-B3-0542,limited,adj.,"/""lImItId/",有限的,有限的,senior,3,3,10542,B3,必修第三册,vocabulary,119,4,high
sr-B3-0543,loan,n.,/l@Un/,贷款；借款,贷款,senior,3,3,10543,B3,必修第三册,vocabulary,119,5,high
sr-B3-0544,take out a loan,,,取得贷款,取得贷款,senior,3,3,10544,B3,必修第三册,vocabulary,119,5,high
sr-B3-0545,lunar,adj.,"/""lu:n@(r)/",阴历的；月球的；月亮的,阴历的,senior,3,3,10545,B3,必修第三册,vocabulary,119,1,high
sr-B3-0546,majority,n.,"/m@""dZQr@ti/",大部分；大多数,大部分,senior,3,3,10546,B3,必修第三册,vocabulary,119,2,high
sr-B3-0547,mankind,n.,,人类,人类,senior,3,3,10547,B3,必修第三册,vocabulary,119,4,high
sr-B3-0548,in a … manner,,,以一种……的方式；带着一副……的样子,以一种……的方式,senior,3,3,10548,B3,必修第三册,vocabulary,119,5,high
sr-B3-0549,marriage,n.,,结婚；婚姻,结婚,senior,3,3,10549,B3,必修第三册,vocabulary,119,2,high
sr-B3-0550,the media,,,大众传播媒介,大众传播媒介,senior,3,3,10550,B3,必修第三册,vocabulary,120,1,high
sr-B3-0551,in memory of,,,作为对……的纪念,作为对……的纪念,senior,3,3,10551,B3,必修第三册,vocabulary,120,2,high
sr-B3-0552,mental,adj.,"/""mentl/",精神的；思想的,精神的,senior,3,3,10552,B3,必修第三册,vocabulary,120,4,high
sr-B3-0553,merry,adj.,"/""meri/",愉快的；高兴的,愉快的,senior,3,3,10553,B3,必修第三册,vocabulary,120,1,high
sr-B3-0554,merry christmas!,,,圣诞快乐,圣诞快乐,senior,3,3,10554,B3,必修第三册,vocabulary,120,1,high
sr-B3-0555,mild,adj.,/maIld/,温和的；和善的；轻微的,温和的,senior,3,3,10555,B3,必修第三册,vocabulary,120,3,high
sr-B3-0556,minority,n.,"/maI""nQr@ti/",少数民族；少数派；少数人,少数民族,senior,3,3,10556,B3,必修第三册,vocabulary,120,3,high
sr-B3-0557,mission,n.,"/""mISn/",传教,传教,senior,3,3,10557,B3,必修第三册,vocabulary,120,3,high
sr-B3-0558,moment,n.,"/""m@Um@nt/",片刻；瞬间,片刻,senior,3,3,10558,B3,必修第三册,vocabulary,120,1,high
sr-B3-0559,monitor,n.,"/""mQnIt@(r)/",监视器；监测仪；监视；监测；监控,监视器,senior,3,3,10559,B3,必修第三册,vocabulary,120,4,high
sr-B3-0560,moral,adj.,"/""mQr@l/",道德的；道义上的；品行；道德；寓意,道德的,senior,3,3,10560,B3,必修第三册,vocabulary,120,2,high
sr-B3-0561,moral dilemma,,,道德困境,道德困境,senior,3,3,10561,B3,必修第三册,vocabulary,120,2,high
sr-B3-0562,muscle,n.,"/""mVsl/",肌肉；实力；影响力,肌肉,senior,3,3,10562,B3,必修第三册,vocabulary,120,4,high
sr-B3-0563,mushroom,n.,"/""mVSrUm/",蘑菇；蕈,蘑菇,senior,3,3,10563,B3,必修第三册,vocabulary,120,3,high
sr-B3-0564,neat,adj.,/ni:t/,极好的；整洁的；整齐的,极好的,senior,3,3,10564,B3,必修第三册,vocabulary,120,3,high
sr-B3-0565,nowhere,adv.,"/""n@Uwe@(r)/",无处；哪里都不,无处,senior,3,3,10565,B3,必修第三册,vocabulary,120,5,high
sr-B3-0566,occasion,n.,"/@""keIZn/",特别的事情（或仪式、庆典）；（适当的）机会,特别的事情（或仪式、庆典）,senior,3,3,10566,B3,必修第三册,vocabulary,120,1,high
sr-B3-0567,occur,vi.,"/@""k3:(r)/",发生；出现,发生,senior,3,3,10567,B3,必修第三册,vocabulary,120,3,high
sr-B3-0568,odd,adj.,/Qd/,奇怪的；怪异的；反常的,奇怪的,senior,3,3,10568,B3,必修第三册,vocabulary,120,5,high
sr-B3-0569,on board,,,在宇宙飞船上；在船上；在飞机上,在宇宙飞船上,senior,3,3,10569,B3,必修第三册,vocabulary,120,4,high
sr-B3-0570,opera,n.,"/""Qpr@/",歌剧,歌剧,senior,3,3,10570,B3,必修第三册,vocabulary,120,5,high
sr-B3-0571,operation,n.,"/%Qp@""reISn/",手术；企业；经营,手术,senior,3,3,10571,B3,必修第三册,vocabulary,120,2,high
sr-B3-0572,option,n.,"/""QpSn/",可选择的事物；选择；选择权,可选择的事物,senior,3,3,10572,B3,必修第三册,vocabulary,120,5,high
sr-B3-0573,orbit,vi.,"/""O:bIt/",环绕地球、太阳等运行的）轨道；势力范围；沿轨道运行；环绕……运行,环绕地球、太阳等运行的）轨道,senior,3,3,10573,B3,必修第三册,vocabulary,120,4,high
sr-B3-0574,origin,n.,"/""QrIdZIn/",起源；起因；出身,起源,senior,3,3,10574,B3,必修第三册,vocabulary,120,1,high
sr-B3-0575,otherwise,adv.,"/""VD@waIz/",否则；要不然,否则,senior,3,3,10575,B3,必修第三册,vocabulary,120,4,high
sr-B3-0576,ought,,/O:t/,应该；应当,应该,senior,3,3,10576,B3,必修第三册,vocabulary,120,5,high
sr-B3-0577,oxygen,n.,"/""QksIdZ@n/",氧；氧气,氧,senior,3,3,10577,B3,必修第三册,vocabulary,120,4,high
sr-B3-0578,passive,adj.,,被动的；顺从的,被动的,senior,3,3,10578,B3,必修第三册,vocabulary,120,2,high
sr-B3-0579,patience,n.,"/""peISns/",耐心；忍耐力；毅力,耐心,senior,3,3,10579,B3,必修第三册,vocabulary,120,5,high
sr-B3-0580,per,prep.,/p@(r); p3(r):/,每；每一,每,senior,3,3,10580,B3,必修第三册,vocabulary,120,2,high
sr-B3-0581,percentage,n.,"/p@""sentIdZ/",百分率；百分比,百分率,senior,3,3,10581,B3,必修第三册,vocabulary,120,3,high
sr-B3-0582,permit,vt. vi.,"/p@""mIt/",允许；准许；允许；使有可能,允许,senior,3,3,10582,B3,必修第三册,vocabulary,120,5,high
sr-B3-0583,physician,n.,"/fI""zISn/",医师；（尤指）内科医生,医师,senior,3,3,10583,B3,必修第三册,vocabulary,120,2,high
sr-B3-0584,resident physician,,,住院医师(,住院医师(,senior,3,3,10584,B3,必修第三册,vocabulary,120,,high
sr-B3-0585,plot,n.,/plQt/,故事情节；布局；阴谋,故事情节,senior,3,3,10585,B3,必修第三册,vocabulary,121,5,high
sr-B3-0586,poetry,n.,"/""p@U@tri/",诗集；诗歌；诗作,诗集,senior,3,3,10586,B3,必修第三册,vocabulary,121,3,high
sr-B3-0587,poison,n.,"/""pOIzn/",毒物；毒药；毒素；毒死；毒害,毒物,senior,3,3,10587,B3,必修第三册,vocabulary,121,3,high
sr-B3-0588,pole,,/p@Ul/,行星的）极；地极,行星的）极,senior,3,3,10588,B3,必修第三册,vocabulary,121,2,high
sr-B3-0589,postpone,vt.,"/p@""sp@Un/",延迟；延期；延缓,延迟,senior,3,3,10589,B3,必修第三册,vocabulary,121,5,high
sr-B3-0590,precious,adj.,"/""preS@s/",珍稀的；宝贵的,珍稀的,senior,3,3,10590,B3,必修第三册,vocabulary,121,2,high
sr-B3-0591,principle,n.,"/""prIns@pl/",道德原则；法则；原则,道德原则,senior,3,3,10591,B3,必修第三册,vocabulary,121,2,high
sr-B3-0592,procedure,n.,"/pr@""si:dZ@(r)/",程序；步骤；手续,程序,senior,3,3,10592,B3,必修第三册,vocabulary,121,4,high
sr-B3-0593,provide for sb,,,提供生活所需,提供生活所需,senior,3,3,10593,B3,必修第三册,vocabulary,121,4,high
sr-B3-0594,publish,vt.,"/""pVblIS/",发表（作品）；出版,发表（作品）,senior,3,3,10594,B3,必修第三册,vocabulary,121,2,high
sr-B3-0595,pudding,n.,"/""pUdIN/",布丁；（餐末的）甜食,布丁,senior,3,3,10595,B3,必修第三册,vocabulary,121,1,high
sr-B3-0596,pursue,vt.,"/p@""sju:/",追求；致力于,追求,senior,3,3,10596,B3,必修第三册,vocabulary,121,5,high
sr-B3-0597,range from ... to ...,,,包括从……到……之间,包括从……到……之间,senior,3,3,10597,B3,必修第三册,vocabulary,121,1,high
sr-B3-0598,region,n.,"/""ri:dZ@n/",地区；区域；地方,地区,senior,3,3,10598,B3,必修第三册,vocabulary,121,1,high
sr-B3-0599,regular,adj.,"/""regj@l@(r)/",定期的；经常的；正常的,定期的,senior,3,3,10599,B3,必修第三册,vocabulary,121,4,high
sr-B3-0600,reject,vt.,"/rI""dZekt/",拒绝接受；不录用,拒绝接受,senior,3,3,10600,B3,必修第三册,vocabulary,121,2,high
sr-B3-0601,replace,vt.,"/rI""pleIs/",接替；取代；更换(；象征；代表；相当于,接替,senior,3,3,10601,B3,必修第三册,vocabulary,121,1,high
sr-B3-0602,resource,n.,"/rI""sO:s/",资源；财力；物力,资源,senior,3,3,10602,B3,必修第三册,vocabulary,121,4,high
sr-B3-0603,respect,vt.,"/rIs""pekt/",尊敬；尊重,尊敬,senior,3,3,10603,B3,必修第三册,vocabulary,121,1,high
sr-B3-0604,respond,vt.,"/rI""spQnd/",回答；回复；做出反应；回应,回答,senior,3,3,10604,B3,必修第三册,vocabulary,121,2,high
sr-B3-0605,response,n.,"/rI""spQns/",反应；回答；回复,反应,senior,3,3,10605,B3,必修第三册,vocabulary,121,2,high
sr-B3-0606,result in,,,导致；造成,导致,senior,3,3,10606,B3,必修第三册,vocabulary,121,4,high
sr-B3-0607,retire,vt.,"/rI""taI@(r)/",退休；退职；退出,退休,senior,3,3,10607,B3,必修第三册,vocabulary,121,2,high
sr-B3-0608,roast,adj. vt.,/r@Ust/,烤的；焙的；烘烤；焙,烤的,senior,3,3,10608,B3,必修第三册,vocabulary,121,1,high
sr-B3-0609,roast turkey,,,烤火鸡肉,烤火鸡肉,senior,3,3,10609,B3,必修第三册,vocabulary,121,1,high
sr-B3-0610,run out,,,用完；耗尽,用完,senior,3,3,10610,B3,必修第三册,vocabulary,121,4,high
sr-B3-0611,satellite,n.,,人造卫星；卫星,人造卫星,senior,3,3,10611,B3,必修第三册,vocabulary,121,4,high
sr-B3-0612,saving,n.,"/""seIvIN/",节省物；节省；节约；储蓄金；存款,节省物,senior,3,3,10612,B3,必修第三册,vocabulary,121,2,high
sr-B3-0613,scare,vt.,/ske@(r)/,惊吓；使害怕；受惊吓,惊吓,senior,3,3,10613,B3,必修第三册,vocabulary,121,2,high
sr-B3-0614,scholarship,n.,"/""skQl@SIp/",奖学金,奖学金,senior,3,3,10614,B3,必修第三册,vocabulary,121,2,high
sr-B3-0615,seek,,/si:k/,寻找；寻求,寻找,senior,3,3,10615,B3,必修第三册,vocabulary,121,3,high
sr-B3-0616,seek one’s fortune,,,寻找成功致富之路；闯世界,寻找成功致富之路,senior,3,3,10616,B3,必修第三册,vocabulary,121,3,high
sr-B3-0617,select,vt.,"/sI""lekt/",选择；挑选；选拔,选择,senior,3,3,10617,B3,必修第三册,vocabulary,121,3,high
sr-B3-0618,series,n.,"/""sI@ri:z/",一系列；连续；接连,一系列,senior,3,3,10618,B3,必修第三册,vocabulary,122,3,high
sr-B3-0619,set off,,,出发；动身；启程,出发,senior,3,3,10619,B3,必修第三册,vocabulary,122,1,high
sr-B3-0620,settle,vt.,"/""setl/",解决（分歧）；确定；安排好；和解；定居,解决（分歧）,senior,3,3,10620,B3,必修第三册,vocabulary,122,3,high
sr-B3-0621,shallow,adj.,,肤浅的；浅的,肤浅的,senior,3,3,10621,B3,必修第三册,vocabulary,122,4,high
sr-B3-0622,sharp,,/SA:p/,增长、下跌等）急剧的；锋利的；明显的,增长、下跌等）急剧的,senior,3,3,10622,B3,必修第三册,vocabulary,122,2,high
sr-B3-0623,signal,vi.,"/""sIgn@l/",标志着；标明；发信号；信号；标志,标志着,senior,3,3,10623,B3,必修第三册,vocabulary,122,4,high
sr-B3-0624,significant,adj.,"/sIg""nIfIk@nt/",有重大意义的；显著的,有重大意义的,senior,3,3,10624,B3,必修第三册,vocabulary,122,1,high
sr-B3-0625,so as to (do sth),,,为了；以便,为了,senior,3,3,10625,B3,必修第三册,vocabulary,122,4,high
sr-B3-0626,solar,adj.,"/""s@Ul@(r)/",太阳的；太阳能的,太阳的,senior,3,3,10626,B3,必修第三册,vocabulary,122,4,high
sr-B3-0627,solar system,,,太阳系；类太阳系,太阳系,senior,3,3,10627,B3,必修第三册,vocabulary,122,4,high
sr-B3-0628,sort,n.,/sO:t/,种类；类别；品种,种类,senior,3,3,10628,B3,必修第三册,vocabulary,122,5,high
sr-B3-0629,spot,vt.,/spQt/,看见；注意到；发现；地点；处所；斑点；污迹,看见,senior,3,3,10629,B3,必修第三册,vocabulary,122,5,high
sr-B3-0630,stair,n.,/ste@(r)/,楼梯；梯级,楼梯,senior,3,3,10630,B3,必修第三册,vocabulary,122,5,high
sr-B3-0631,sufficient,adj.,"/s@""fISnt/",足够的；充足的,足够的,senior,3,3,10631,B3,必修第三册,vocabulary,122,4,high
sr-B3-0632,super,adj.,"/""su:p@(r);BrEalso""sju:p@(r)/",顶好的；超级的,顶好的,senior,3,3,10632,B3,必修第三册,vocabulary,122,3,high
sr-B3-0633,tailor,,"/""teIl@(r)/",男装）裁缝；专门制作；定做,男装）裁缝,senior,3,3,10633,B3,必修第三册,vocabulary,122,5,high
sr-B3-0634,take advantage of,,,利用；欺骗；占……的便宜,利用,senior,3,3,10634,B3,必修第三册,vocabulary,122,1,high
sr-B3-0635,tear,n.,/tI@(r)/,眼泪；泪水,眼泪,senior,3,3,10635,B3,必修第三册,vocabulary,122,2,high
sr-B3-0636,in tears,,,流着泪；含着泪,流着泪,senior,3,3,10636,B3,必修第三册,vocabulary,122,2,high
sr-B3-0637,tend,vt.,/tend/,照顾；照料；倾向；趋于,照顾,senior,3,3,10637,B3,必修第三册,vocabulary,122,2,high
sr-B3-0638,tend to do sth,,,易于做某事；往往会发生某事,易于做某事,senior,3,3,10638,B3,必修第三册,vocabulary,122,2,high
sr-B3-0639,tension,n.,"/""tenSn/",紧张关系；紧张；焦虑,紧张关系,senior,3,3,10639,B3,必修第三册,vocabulary,122,2,high
sr-B3-0640,therefore,adv.,"/""De@fO:(r)/",因此；所以,因此,senior,3,3,10640,B3,必修第三册,vocabulary,122,2,high
sr-B3-0641,tissue,n.,"/""tISu:；""tIsju:/",纸巾；（人、动植物细胞的）组织,纸巾,senior,3,3,10641,B3,必修第三册,vocabulary,122,4,high
sr-B3-0642,to name but a few,,,仅举几例,仅举几例,senior,3,3,10642,B3,必修第三册,vocabulary,122,3,high
sr-B3-0643,towel,n.,"/""taU@l/",毛巾；抹布,毛巾,senior,3,3,10643,B3,必修第三册,vocabulary,122,4,high
sr-B3-0644,trip over,,,被……绊倒,被……绊倒,senior,3,3,10644,B3,必修第三册,vocabulary,122,2,high
sr-B3-0645,tuition fees,,,学费,学费,senior,3,3,10645,B3,必修第三册,vocabulary,122,2,high
sr-B3-0646,universe,n.,"/""ju:nIv3:s/",宇宙；天地万物(,宇宙,senior,3,3,10646,B3,必修第三册,vocabulary,122,,high
sr-B3-0647,upper,adj.,"/""Vp@(r)/",上面的；上层的；靠上部的,上面的,senior,3,3,10647,B3,必修第三册,vocabulary,123,5,high
sr-B3-0648,the upper class,,,上流社会；上等阶层,上流社会,senior,3,3,10648,B3,必修第三册,vocabulary,123,5,high
sr-B3-0649,virtue,n.,"/""v3:tSu:/",高尚的道德；美德；优秀品质,高尚的道德,senior,3,3,10649,B3,必修第三册,vocabulary,123,2,high
sr-B3-0650,wedding,n. vt.,"/""wedIN/",婚礼；结婚庆典(；悄声说；耳语；低语；耳语（声）；低语（声）；传言；谣传,婚礼,senior,3,3,10650,B3,必修第三册,vocabulary,123,2,high
sr-B3-0651,be willing to do sth,,,愿意或乐意做某事,愿意或乐意做某事,senior,3,3,10651,B3,必修第三册,vocabulary,123,5,high
sr-B3-0652,wrestle,vt.,"/""resl/",摔跤；奋力对付,摔跤,senior,3,3,10652,B3,必修第三册,vocabulary,123,1,high
