hash,grade,module,batch,stratum,text,speed,sampleRate,mpeg,kbps,lastModified,probe,url
d68dacb93d720c79ed77e1ef6b4e05973171c983eb8cac0c8c7d5bc16fe77aa6,G6,finalChallenge,legacy,G6|finalChallenge,"Look at the blackboard, please.",1,24000,2,128,"Thu, 04 Jun 2026 01:11:22 GMT",ok,https://audio.bigmooneducation.com/d6/d68dacb93d720c79ed77e1ef6b4e05973171c983eb8cac0c8c7d5bc16fe77aa6.mp3
27ed49fb2ae3ee9ecab538ab19dca4aa8062a197a7f4454985fe6ed2554e5821,G6,pregen-listenword,pregen,G6|pregen-listenword,hiking,0.95,24000,2,128,"Thu, 04 Jun 2026 00:47:12 GMT",ok,https://audio.bigmooneducation.com/27/27ed49fb2ae3ee9ecab538ab19dca4aa8062a197a7f4454985fe6ed2554e5821.mp3
3dfd4b4a723a708504e3ac29c3569a9d9cc0cb141fa3c60a2e143e0e89d7f98a,G6,pregen-listenword,pregen,G6|pregen-listenword,studies,0.95,24000,2,128,"Thu, 04 Jun 2026 00:48:59 GMT",ok,https://audio.bigmooneducation.com/3d/3dfd4b4a723a708504e3ac29c3569a9d9cc0cb141fa3c60a2e143e0e89d7f98a.mp3
e948a99986fdb45b71e86082f7a4e8e682cfc6b82c1717f86df22adfd5b1170b,G6,finalChallenge,B1-new,G6|finalChallenge,playing the violin,1,24000,2,128,"Sun, 26 Jul 2026 06:23:34 GMT",ok,https://audio.bigmooneducation.com/e9/e948a99986fdb45b71e86082f7a4e8e682cfc6b82c1717f86df22adfd5b1170b.mp3
094c754f79801cfd03ff00d6a34f7d1fcb04ba820bc6fc8d4270a6b33d9b4f86,G4,phonics,legacy,G4|phonics,teacher,0.85,24000,2,128,"Sun, 24 May 2026 21:36:16 GMT",ok,https://audio.bigmooneducation.com/09/094c754f79801cfd03ff00d6a34f7d1fcb04ba820bc6fc8d4270a6b33d9b4f86.mp3
c112e28ed272007f269f145feb0ea30ba666125ffc351e5bdef4abd9823977f7,G4,phonics,legacy,G4|phonics,number,0.85,24000,2,128,"Sun, 24 May 2026 21:36:14 GMT",ok,https://audio.bigmooneducation.com/c1/c112e28ed272007f269f145feb0ea30ba666125ffc351e5bdef4abd9823977f7.mp3
7a861099f24ae53963e84daa0a3f4b26a26beb3dcad926191f5b5e3e42a2fa8f,G6,finalChallenge,legacy,G6|finalChallenge,by subway,1,24000,2,128,"Thu, 04 Jun 2026 01:08:07 GMT",ok,https://audio.bigmooneducation.com/7a/7a861099f24ae53963e84daa0a3f4b26a26beb3dcad926191f5b5e3e42a2fa8f.mp3
ae6f6aeb19676829b19484c49745a971f8163aa83122e0e4b55d6d182c315885,G6,finalChallenge,legacy,G6|finalChallenge,She watched TV with her sister yesterday.,1,24000,2,160,"Sun, 31 May 2026 21:00:01 GMT",ok,https://audio.bigmooneducation.com/ae/ae6f6aeb19676829b19484c49745a971f8163aa83122e0e4b55d6d182c315885.mp3
9ee9eb932c79bf5903afdd2a051d66af6bada7fafa5851ec6bfbb3587743f825,G6,finalChallenge,legacy,G6|finalChallenge,older,1,24000,2,128,"Sun, 31 May 2026 07:05:59 GMT",ok,https://audio.bigmooneducation.com/9e/9ee9eb932c79bf5903afdd2a051d66af6bada7fafa5851ec6bfbb3587743f825.mp3
c446c4cbe4a395ef7832ff2b36c7882543d69d35af42f0ff47c3735c5921708d,G6,finalChallenge,legacy,G6|finalChallenge,The tiger is bigger than the cat.,1,24000,2,128,"Sun, 31 May 2026 06:48:48 GMT",ok,https://audio.bigmooneducation.com/c4/c446c4cbe4a395ef7832ff2b36c7882543d69d35af42f0ff47c3735c5921708d.mp3
93ba8197b477e9f63ab074500d1ec193b5e7454fb6a3d81bb519f800e7642b46,G6,finalChallenge,legacy,G6|finalChallenge,The lizard is longer than the crocodile.,1,24000,2,128,"Sun, 31 May 2026 06:48:15 GMT",ok,https://audio.bigmooneducation.com/93/93ba8197b477e9f63ab074500d1ec193b5e7454fb6a3d81bb519f800e7642b46.mp3
8ab5a84c61dce03259d6e6b1e73b67143c651d86de84105c1f5f6e11801c4e58,G6,finalChallenge,legacy,G6|finalChallenge,The rabbit is heavier than the tiger.,1,24000,2,128,"Sun, 31 May 2026 19:36:12 GMT",ok,https://audio.bigmooneducation.com/8a/8ab5a84c61dce03259d6e6b1e73b67143c651d86de84105c1f5f6e11801c4e58.mp3
688eeb05ad5610a0c9f94ff773a76f676f0f3de2ab378920d85e4662d8c2814a,G6,finalChallenge,legacy,G6|finalChallenge,cook,1,24000,2,128,"Tue, 26 May 2026 08:47:20 GMT",ok,https://audio.bigmooneducation.com/68/688eeb05ad5610a0c9f94ff773a76f676f0f3de2ab378920d85e4662d8c2814a.mp3
761946d313d8f795ab3527077cac4da52e8debbfbff3f383ef4a30664108c170,G6,finalChallenge,legacy,G6|finalChallenge,The ant is bigger than the elephant.,1,24000,2,128,"Sun, 31 May 2026 07:06:37 GMT",ok,https://audio.bigmooneducation.com/76/761946d313d8f795ab3527077cac4da52e8debbfbff3f383ef4a30664108c170.mp3
5cb242e9b6af1e509bbd2851fc85d7c4a5355c7afbb882f24b5409a4d80e79b1,G6,finalChallenge,legacy,G6|finalChallenge,How was your holiday?,1,24000,2,128,"Wed, 01 Jul 2026 06:58:13 GMT",ok,https://audio.bigmooneducation.com/5c/5cb242e9b6af1e509bbd2851fc85d7c4a5355c7afbb882f24b5409a4d80e79b1.mp3
5701b15c4367238e7b0c903a921f806ff19ca1aa56e87b07b1b346a9a1db5aa4,G6,finalChallenge,legacy,G6|finalChallenge,larger,1,24000,2,128,"Sun, 31 May 2026 06:47:57 GMT",ok,https://audio.bigmooneducation.com/57/5701b15c4367238e7b0c903a921f806ff19ca1aa56e87b07b1b346a9a1db5aa4.mp3
41cee945680c98c510d9178fe96d262cf5b96381734a208984fe4e1d2e22896c,G6,finalChallenge,legacy,G6|finalChallenge,How do you feel now?,1,24000,2,128,"Sun, 31 May 2026 20:15:26 GMT",ok,https://audio.bigmooneducation.com/41/41cee945680c98c510d9178fe96d262cf5b96381734a208984fe4e1d2e22896c.mp3
29061798b58d2f9a3949f57421310117f6c3d2f480efe85828f5effc2d334683,G6,finalChallenge,legacy,G6|finalChallenge,bigger,1,24000,2,128,"Sun, 31 May 2026 06:47:56 GMT",ok,https://audio.bigmooneducation.com/29/29061798b58d2f9a3949f57421310117f6c3d2f480efe85828f5effc2d334683.mp3
1e0ace0ea6b973f02eb213026c7db6dbe04da351e8dc5f783f56d596670006a6,G6,finalChallenge,legacy,G6|finalChallenge,thinner,1,24000,2,128,"Sun, 31 May 2026 06:47:56 GMT",ok,https://audio.bigmooneducation.com/1e/1e0ace0ea6b973f02eb213026c7db6dbe04da351e8dc5f783f56d596670006a6.mp3
c9d0968b2d2b726307622b1b2793b7540e1c52d9d26b029a570fc4b5cb90f817,G5,finalChallenge,legacy,G5|finalChallenge,Wednesday,1,24000,2,128,"Sun, 31 May 2026 03:43:52 GMT",ok,https://audio.bigmooneducation.com/c9/c9d0968b2d2b726307622b1b2793b7540e1c52d9d26b029a570fc4b5cb90f817.mp3
0030b5bb286ee222ab9e50edc44acd52ef559fa1ee7656cc0489050d744208f4,G6,finalChallenge,legacy,G6|finalChallenge,by ferry,1,24000,2,128,"Sun, 31 May 2026 06:25:51 GMT",ok,https://audio.bigmooneducation.com/00/0030b5bb286ee222ab9e50edc44acd52ef559fa1ee7656cc0489050d744208f4.mp3
8841b1d9195498b59d7b295f49a1bb264e9fa1b63bec91008e69ce67b9ff5797,G5,finalChallenge,B1-new,G5|finalChallenge,twentieth,1,24000,2,128,"Sun, 26 Jul 2026 06:22:25 GMT",ok,https://audio.bigmooneducation.com/88/8841b1d9195498b59d7b295f49a1bb264e9fa1b63bec91008e69ce67b9ff5797.mp3
6fdf983fde42458df9da6581bf72abe1d984d3679fdb7e1f38d3afea04bd8a62,G5,finalChallenge,B1-new,G5|finalChallenge,He is eating lunch.,1,24000,2,128,"Sun, 26 Jul 2026 06:23:11 GMT",ok,https://audio.bigmooneducation.com/6f/6fdf983fde42458df9da6581bf72abe1d984d3679fdb7e1f38d3afea04bd8a62.mp3
b56c44d250dff439524f91e441a616955bdce10e5767067f625f6686080feead,G5,finalChallenge,B1-new,G5|finalChallenge,plant,1,24000,2,128,"Sun, 26 Jul 2026 06:21:39 GMT",ok,https://audio.bigmooneducation.com/b5/b56c44d250dff439524f91e441a616955bdce10e5767067f625f6686080feead.mp3
55ad8eb0d54ab75bbf44872f045f9a4cf92118f5856a4e1718fd748f6ee4f63b,G5,finalChallenge,legacy,G5|finalChallenge,It's a sandwich.,1,24000,2,128,"Sun, 31 May 2026 03:44:12 GMT",ok,https://audio.bigmooneducation.com/55/55ad8eb0d54ab75bbf44872f045f9a4cf92118f5856a4e1718fd748f6ee4f63b.mp3
0047d0338ddc86e3943a3674afbc74225a65c6039de75de009e9ab38b2e3e060,G5,finalChallenge,B1-new,G5|finalChallenge,listening to music,1,24000,2,128,"Sun, 26 Jul 2026 06:22:09 GMT",ok,https://audio.bigmooneducation.com/00/0047d0338ddc86e3943a3674afbc74225a65c6039de75de009e9ab38b2e3e060.mp3
264551e8dd4284113631275cc62fecbad77cc270e57a1c9b883abd7c0a499092,G5,finalChallenge,legacy,G5|finalChallenge,It's a clock.,1,24000,2,128,"Sun, 31 May 2026 03:44:13 GMT",ok,https://audio.bigmooneducation.com/26/264551e8dd4284113631275cc62fecbad77cc270e57a1c9b883abd7c0a499092.mp3
3f711b9ea0adac79bdb5ef8fce6932df1512a4dba7571eb5b9f28b729defffc1,G4,finalChallenge,legacy,G4|finalChallenge,four,1,24000,2,128,"Thu, 28 May 2026 06:56:13 GMT",ok,https://audio.bigmooneducation.com/3f/3f711b9ea0adac79bdb5ef8fce6932df1512a4dba7571eb5b9f28b729defffc1.mp3
045ce02636668ffb7ba246b57d987ee10ae7c415e0d8e3845cd486552c1c00b3,G4,finalChallenge,legacy,G4|finalChallenge,This is the bathroom.,1,24000,2,128,"Sat, 30 May 2026 06:41:54 GMT",ok,https://audio.bigmooneducation.com/04/045ce02636668ffb7ba246b57d987ee10ae7c415e0d8e3845cd486552c1c00b3.mp3
930dcfe9a7e6c818e207953a43a3a38a166380d0f86b7acfcfdcd2b2bdff2870,G4,finalChallenge,legacy,G4|finalChallenge,Look at the sheep.,1,24000,2,128,"Thu, 28 May 2026 17:25:58 GMT",ok,https://audio.bigmooneducation.com/93/930dcfe9a7e6c818e207953a43a3a38a166380d0f86b7acfcfdcd2b2bdff2870.mp3
cde41feb995550d7851bcebf86ed8e4e667165e2d38262f27b3c6caf3cd6d1b4,G3,finalChallenge,legacy,G3|finalChallenge,It's big.,0.85,24000,2,128,"Sun, 31 May 2026 02:35:16 GMT",ok,https://audio.bigmooneducation.com/cd/cde41feb995550d7851bcebf86ed8e4e667165e2d38262f27b3c6caf3cd6d1b4.mp3
5ed9cd8a497b537d5d9e33a187d69507e76fe7acdf9fbdbf3e6b47a18a92603d,G3,finalChallenge,legacy,G3|finalChallenge,It's a banana.,0.85,24000,2,128,"Sun, 31 May 2026 02:35:15 GMT",ok,https://audio.bigmooneducation.com/5e/5ed9cd8a497b537d5d9e33a187d69507e76fe7acdf9fbdbf3e6b47a18a92603d.mp3
dd08c790cdbe95724b91ad8b1911456d387ba25f0da7de338518ac27848f3bb1,G6,sentenceLesson,legacy,G6|sentenceLesson,How can I get to the hospital?,1,24000,2,128,"Thu, 23 Jul 2026 22:28:57 GMT",ok,https://audio.bigmooneducation.com/dd/dd08c790cdbe95724b91ad8b1911456d387ba25f0da7de338518ac27848f3bb1.mp3
10d72d10b41d3f85b637b33d09b2fc43dc9eaefd1e5e97bc1a792f3ad359f41b,G3,finalChallenge,legacy,G3|finalChallenge,It's white.,0.85,24000,2,128,"Sun, 31 May 2026 01:56:16 GMT",ok,https://audio.bigmooneducation.com/10/10d72d10b41d3f85b637b33d09b2fc43dc9eaefd1e5e97bc1a792f3ad359f41b.mp3
05a72fcf092ab12daff892cb8540c362ff7f5b84558342cca880b77e6d315396,G6,sentenceLesson,legacy,G6|sentenceLesson,The cinema is near the hospital.,1,24000,2,128,"Thu, 23 Jul 2026 22:28:56 GMT",ok,https://audio.bigmooneducation.com/05/05a72fcf092ab12daff892cb8540c362ff7f5b84558342cca880b77e6d315396.mp3
941d3a4bf67ae8e63f5434bb2b149199b22d4dbbeeb28e6136743b3b62b4eb3e,G6,sentenceLesson,legacy,G6|sentenceLesson,Where is the post office?,1,24000,2,128,"Thu, 23 Jul 2026 22:28:57 GMT",ok,https://audio.bigmooneducation.com/94/941d3a4bf67ae8e63f5434bb2b149199b22d4dbbeeb28e6136743b3b62b4eb3e.mp3
f7ac7aa189a4784140eede288b908e460cc4992413cbbe15b48f0d3a1876927b,G5,sentenceLesson,legacy,G5|sentenceLesson,Are there any trees on the hill?,1,24000,2,128,"Fri, 10 Jul 2026 09:40:10 GMT",ok,https://audio.bigmooneducation.com/f7/f7ac7aa189a4784140eede288b908e460cc4992413cbbe15b48f0d3a1876927b.mp3
bd10a9564225ed97daf22bda870103e45f261ac9d4197c13afdc88903066dcb5,G5,sentenceLesson,legacy,G5|sentenceLesson,She is reading a book.,1,24000,2,128,"Tue, 21 Jul 2026 22:29:17 GMT",ok,https://audio.bigmooneducation.com/bd/bd10a9564225ed97daf22bda870103e45f261ac9d4197c13afdc88903066dcb5.mp3
e0c6a760699614d7c67ff202f587af05887d658b90eeeb36d57ef37415102c42,G5,sentenceLesson,legacy,G5|sentenceLesson,"Whose, whose, whose is it?",0.85,24000,2,128,"Thu, 09 Jul 2026 08:57:43 GMT",ok,https://audio.bigmooneducation.com/e0/e0c6a760699614d7c67ff202f587af05887d658b90eeeb36d57ef37415102c42.mp3
aed4b5fe7847f17669d30c2b0ff3f0960dd5f24ab86116a29d2f93f9bc8b063f,G5,sentenceLesson,legacy,G5|sentenceLesson,The book is mine.,0.85,24000,2,128,"Thu, 09 Jul 2026 08:57:43 GMT",ok,https://audio.bigmooneducation.com/ae/aed4b5fe7847f17669d30c2b0ff3f0960dd5f24ab86116a29d2f93f9bc8b063f.mp3
d413a2c87221921c3270a348608fdcef552031819708baae868885d330593b66,G5,sentenceLesson,legacy,G5|sentenceLesson,Strict or kind? Tell me more!,0.85,24000,2,128,"Tue, 30 Jun 2026 03:12:45 GMT",ok,https://audio.bigmooneducation.com/d4/d413a2c87221921c3270a348608fdcef552031819708baae868885d330593b66.mp3
81665e83976b940fe6ba457cf3609944c67dadfabee7edecae92fb861cdd4603,G5,sentenceLesson,legacy,G5|sentenceLesson,"January, February, March and more,",1,24000,2,128,"Wed, 15 Jul 2026 05:07:46 GMT",ok,https://audio.bigmooneducation.com/81/81665e83976b940fe6ba457cf3609944c67dadfabee7edecae92fb861cdd4603.mp3
95ad32a6ea349c14e20cd8ce445fc1ad9351cc9931ac7fa3bbdd7e08ba285e5f,G5,sentenceLesson,legacy,G5|sentenceLesson,"April, June, when is the day?",1,24000,2,128,"Sat, 11 Jul 2026 04:57:34 GMT",ok,https://audio.bigmooneducation.com/95/95ad32a6ea349c14e20cd8ce445fc1ad9351cc9931ac7fa3bbdd7e08ba285e5f.mp3
5b33454429f6fa6e17ee6082b5fa9188283ad2cfb9e4a7b6ef021f7eba6efe3c,G5,sentenceLesson,legacy,G5|sentenceLesson,Young or old? Tall or short?,1,24000,2,128,"Wed, 08 Jul 2026 12:36:59 GMT",ok,https://audio.bigmooneducation.com/5b/5b33454429f6fa6e17ee6082b5fa9188283ad2cfb9e4a7b6ef021f7eba6efe3c.mp3
6fe82b3aec8894ee7d599d3cbedf3c493c81e49f3f5d0bb99d9cc48cc3462ab7,G5,sentenceLesson,legacy,G5|sentenceLesson,Would you like some ice cream?,1,24000,2,128,"Wed, 08 Jul 2026 22:36:58 GMT",ok,https://audio.bigmooneducation.com/6f/6fe82b3aec8894ee7d599d3cbedf3c493c81e49f3f5d0bb99d9cc48cc3462ab7.mp3
45cd04b01aadc7c134ff017cb49168d5320b91e81f55f573b3f85f7e5fd872c0,G5,sentenceLesson,legacy,G5|sentenceLesson,Is he strict?,1,24000,2,128,"Wed, 08 Jul 2026 12:36:58 GMT",ok,https://audio.bigmooneducation.com/45/45cd04b01aadc7c134ff017cb49168d5320b91e81f55f573b3f85f7e5fd872c0.mp3
3912bf963fb9f9b076259ca8b591948c4f0ca258574bc77a6e01556b7f56427d,G5,sentenceLesson,legacy,G5|sentenceLesson,Our English teacher is hard-working.,0.85,24000,2,128,"Tue, 30 Jun 2026 03:12:46 GMT",ok,https://audio.bigmooneducation.com/39/3912bf963fb9f9b076259ca8b591948c4f0ca258574bc77a6e01556b7f56427d.mp3
297b93eb0aa85d94e2de4ecd9079d496dd89f40bb34e296fb0a456d605f0074d,G5,sentenceLesson,legacy,G5|sentenceLesson,Please keep your desk clean.,0.85,24000,2,128,"Wed, 01 Jul 2026 04:58:27 GMT",ok,https://audio.bigmooneducation.com/29/297b93eb0aa85d94e2de4ecd9079d496dd89f40bb34e296fb0a456d605f0074d.mp3
05a82cef698fdd8964e7e56887d9967c034e27b153001e115db6cb932c6eb15f,G5,sentenceLesson,legacy,G5|sentenceLesson,"Keep quiet, keep your desk clean,",0.85,24000,2,128,"Wed, 01 Jul 2026 04:58:29 GMT",ok,https://audio.bigmooneducation.com/05/05a82cef698fdd8964e7e56887d9967c034e27b153001e115db6cb932c6eb15f.mp3
138be7a1fe7c98b525bb1892f344de61f647077710819ceb8f8e3df400940fcd,G5,sentenceLesson,legacy,G5|sentenceLesson,Are there any tall buildings in the park?,1,24000,2,160,"Fri, 10 Jul 2026 09:40:11 GMT",ok,https://audio.bigmooneducation.com/13/138be7a1fe7c98b525bb1892f344de61f647077710819ceb8f8e3df400940fcd.mp3
f1fee31065a8ffceb7b6f5585d4a3b734b4a2ae34e1a35b78d8cd8a79200a16c,G4,sentenceLesson,legacy,G4|sentenceLesson,It's so big!,0.7,24000,2,128,"Sat, 13 Jun 2026 13:44:33 GMT",ok,https://audio.bigmooneducation.com/f1/f1fee31065a8ffceb7b6f5585d4a3b734b4a2ae34e1a35b78d8cd8a79200a16c.mp3
e690c208e970e66db9e6ed333d06385e0f167e5b9c751967c007873a31d1b7eb,G4,sentenceLesson,legacy,G4|sentenceLesson,"No, she isn't.",1,24000,2,128,"Tue, 26 May 2026 02:46:19 GMT",ok,https://audio.bigmooneducation.com/e6/e690c208e970e66db9e6ed333d06385e0f167e5b9c751967c007873a31d1b7eb.mp3
ddd5c2e1ed4856913087221bca9e4c5a3b02df5cc8d4c5976a03fb20431a9640,G4,sentenceLesson,legacy,G4|sentenceLesson,They're Mike's.,1,24000,2,128,"Wed, 01 Jul 2026 21:52:29 GMT",ok,https://audio.bigmooneducation.com/dd/ddd5c2e1ed4856913087221bca9e4c5a3b02df5cc8d4c5976a03fb20431a9640.mp3
d5a6f7983b070cf3d928b770c0fab31a93972fdeab4dc2b01f3a22d63f401449,G4,sentenceLesson,legacy,G4|sentenceLesson,Excuse me. Where's the teachers' office?,1,24000,2,128,"Sun, 24 May 2026 03:29:05 GMT",ok,https://audio.bigmooneducation.com/d5/d5a6f7983b070cf3d928b770c0fab31a93972fdeab4dc2b01f3a22d63f401449.mp3
d0d703cfe8b9fdb0b24729c58fa5771f00866630074f14724f58354750875eb5,G4,sentenceLesson,legacy,G4|sentenceLesson,Forty-five students.,0.85,24000,2,128,"Sun, 24 May 2026 07:26:02 GMT",ok,https://audio.bigmooneducation.com/d0/d0d703cfe8b9fdb0b24729c58fa5771f00866630074f14724f58354750875eb5.mp3
c91225eb67294ad4641926653b2f0e99e37630ee8b959fde8a1b569d3d9bd48d,G4,sentenceLesson,legacy,G4|sentenceLesson,Yes. How much is this skirt?,1,24000,2,128,"Wed, 08 Jul 2026 00:46:09 GMT",ok,https://audio.bigmooneducation.com/c9/c91225eb67294ad4641926653b2f0e99e37630ee8b959fde8a1b569d3d9bd48d.mp3
a5616ca4ff3622d7c8d355bdc890e033b1db46cd65eed7cf1245cb787883df4d,G4,sentenceLesson,legacy,G4|sentenceLesson,Wash your skirt.,1,24000,2,128,"Wed, 01 Jul 2026 21:52:30 GMT",ok,https://audio.bigmooneducation.com/a5/a5616ca4ff3622d7c8d355bdc890e033b1db46cd65eed7cf1245cb787883df4d.mp3
bb0d626ea1f448a3d209d574dc51227d06174cf6d041860ba35e84a9d81e8c3b,G4,sentenceLesson,legacy,G4|sentenceLesson,"What's in your new classroom? Four walls and a floor,",0.85,24000,2,160,"Mon, 25 May 2026 04:46:43 GMT",ok,https://audio.bigmooneducation.com/bb/bb0d626ea1f448a3d209d574dc51227d06174cf6d041860ba35e84a9d81e8c3b.mp3
b2ca5ec6ba566379e494e96def21706e407ea82842bc7d1b01ffc4a3537b9d63,G4,sentenceLesson,legacy,G4|sentenceLesson,What's your cousin's job?,0.85,24000,2,128,"Tue, 26 May 2026 07:31:28 GMT",ok,https://audio.bigmooneducation.com/b2/b2ca5ec6ba566379e494e96def21706e407ea82842bc7d1b01ffc4a3537b9d63.mp3
8f3227e866fc51e881242544ff04d213c82b179a91dd782a6ec484f80a051247,G4,sentenceLesson,legacy,G4|sentenceLesson,What's your aunt's job?,1,24000,2,128,"Tue, 30 Jun 2026 20:27:48 GMT",ok,https://audio.bigmooneducation.com/8f/8f3227e866fc51e881242544ff04d213c82b179a91dd782a6ec484f80a051247.mp3
897e1803020981d3d4941da6a2a9b6a66dcb93d68add884ff03f6e772f5df286,G4,sentenceLesson,legacy,G4|sentenceLesson,Is he friendly?,1,24000,2,128,"Tue, 30 Jun 2026 07:28:14 GMT",ok,https://audio.bigmooneducation.com/89/897e1803020981d3d4941da6a2a9b6a66dcb93d68add884ff03f6e772f5df286.mp3
9ac0f5531a927410fdde7459f6ef178f2f36c1a4f8a1635d101f925b61eaf60a,G4,sentenceLesson,legacy,G4|sentenceLesson,She's in the bathroom.,0.85,24000,2,128,"Tue, 26 May 2026 07:31:17 GMT",ok,https://audio.bigmooneducation.com/9a/9ac0f5531a927410fdde7459f6ef178f2f36c1a4f8a1635d101f925b61eaf60a.mp3
6fa67577943e882caf14e108d693cb119a152a981446d1f093a464faa6153b34,G4,sentenceLesson,legacy,G4|sentenceLesson,Is this your cousin?,0.85,24000,2,128,"Tue, 26 May 2026 07:31:28 GMT",ok,https://audio.bigmooneducation.com/6f/6fa67577943e882caf14e108d693cb119a152a981446d1f093a464faa6153b34.mp3
74cb3f770a17b79377ac914459cfca3f67ec8a0e52e3e73683a959d93e978eec,G4,sentenceLesson,legacy,G4|sentenceLesson,Wash your skirt.,0.7,24000,2,128,"Wed, 01 Jul 2026 22:00:17 GMT",ok,https://audio.bigmooneducation.com/74/74cb3f770a17b79377ac914459cfca3f67ec8a0e52e3e73683a959d93e978eec.mp3
8252660825c214c6d7f36b6ae1f54f4f6cb58681414b4073981b6731465d4f7b,G4,sentenceLesson,legacy,G4|sentenceLesson,But onions make me cry.,1,24000,2,128,"Wed, 01 Jul 2026 08:49:51 GMT",ok,https://audio.bigmooneducation.com/82/8252660825c214c6d7f36b6ae1f54f4f6cb58681414b4073981b6731465d4f7b.mp3
4de4d34e64fe5a4074fd16985f17b4c0d4fbe053959804ad7dbc9c321e61a055,G4,sentenceLesson,legacy,G4|sentenceLesson,What do you have in your schoolbag?,0.85,24000,2,128,"Mon, 25 May 2026 04:00:32 GMT",ok,https://audio.bigmooneducation.com/4d/4de4d34e64fe5a4074fd16985f17b4c0d4fbe053959804ad7dbc9c321e61a055.mp3
4a7efe3770d67b82678b96c3aec1d568b7f062405378afc609dc8fd280f81fd1,G4,sentenceLesson,legacy,G4|sentenceLesson,What's his name?,0.85,24000,2,128,"Tue, 26 May 2026 07:31:10 GMT",ok,https://audio.bigmooneducation.com/4a/4a7efe3770d67b82678b96c3aec1d568b7f062405378afc609dc8fd280f81fd1.mp3
373b7a14c77c4d567a63a6042246b26ddbc37611b41a11b8642357a4d245dcbf,G4,sentenceLesson,legacy,G4|sentenceLesson,Forty-five students.,1,24000,2,128,"Sun, 24 May 2026 06:58:14 GMT",ok,https://audio.bigmooneducation.com/37/373b7a14c77c4d567a63a6042246b26ddbc37611b41a11b8642357a4d245dcbf.mp3
591911ebbb26759c2dbe9ff0eb4c766d4d82e516aac1fb63dc36a19cc37c4a70,G4,sentenceLesson,legacy,G4|sentenceLesson,Is this John's?,0.7,24000,2,128,"Wed, 01 Jul 2026 22:00:17 GMT",ok,https://audio.bigmooneducation.com/59/591911ebbb26759c2dbe9ff0eb4c766d4d82e516aac1fb63dc36a19cc37c4a70.mp3
6451d9ac2fbcb2107ebfb19e3f8b6a53a7efa2ffcd3824e38ff20484a0f5b2b8,G4,sentenceLesson,legacy,G4|sentenceLesson,"No, it isn't. The teachers' office is next to the library.",1,24000,2,160,"Sun, 24 May 2026 03:29:04 GMT",ok,https://audio.bigmooneducation.com/64/6451d9ac2fbcb2107ebfb19e3f8b6a53a7efa2ffcd3824e38ff20484a0f5b2b8.mp3
40e592dff3ba7576cef67201a4af89aea0dd3f6c9c7cc6790aac9bd892d9a1d6,G4,sentenceLesson,legacy,G4|sentenceLesson,Can I try it on?,0.7,24000,2,128,"Wed, 08 Jul 2026 00:57:24 GMT",ok,https://audio.bigmooneducation.com/40/40e592dff3ba7576cef67201a4af89aea0dd3f6c9c7cc6790aac9bd892d9a1d6.mp3
2f857795641cebc549083c5ef2a152ee17e2cb05b810a2210635ea8c61f2d7a2,G4,sentenceLesson,legacy,G4|sentenceLesson,Would you like some chicken?,1,24000,2,128,"Tue, 30 Jun 2026 15:04:29 GMT",ok,https://audio.bigmooneducation.com/2f/2f857795641cebc549083c5ef2a152ee17e2cb05b810a2210635ea8c61f2d7a2.mp3
26b3c7d323f6ed2b4ee62c98895c51cbd88f24c71eccb9325b9126956b0e9b92,G4,sentenceLesson,legacy,G4|sentenceLesson,Is the cat under the bed?,1,24000,2,128,"Tue, 30 Jun 2026 07:50:15 GMT",ok,https://audio.bigmooneducation.com/26/26b3c7d323f6ed2b4ee62c98895c51cbd88f24c71eccb9325b9126956b0e9b92.mp3
17fdc273a2b70416d2fbf8426f1fcb1692f72b951ede4e2d339ec00942450a53,G4,sentenceLesson,legacy,G4|sentenceLesson,She's a cook.,1,24000,2,128,"Tue, 30 Jun 2026 20:27:49 GMT",ok,https://audio.bigmooneducation.com/17/17fdc273a2b70416d2fbf8426f1fcb1692f72b951ede4e2d339ec00942450a53.mp3
115cc4fd0f88ae708bd2029683a00ab0a9fdf26bf38d7656d6bf13d7e2e9adce,G4,sentenceLesson,legacy,G4|sentenceLesson,"We have many nice scarves, too — red, yellow, brown and more!",0.7,24000,2,160,"Wed, 08 Jul 2026 00:57:23 GMT",ok,https://audio.bigmooneducation.com/11/115cc4fd0f88ae708bd2029683a00ab0a9fdf26bf38d7656d6bf13d7e2e9adce.mp3
079df65f673cc434445a7d57ca3bc9eaf3a687c4eb1c4bbcd50d31bd01ae0075,G4,sentenceLesson,legacy,G4|sentenceLesson,It's three o'clock. It's time for PE class.,1,24000,2,160,"Tue, 30 Jun 2026 23:57:05 GMT",ok,https://audio.bigmooneducation.com/07/079df65f673cc434445a7d57ca3bc9eaf3a687c4eb1c4bbcd50d31bd01ae0075.mp3
21b00353568d1f9ae4503e1c99081171ee0cd07a650a67f6e8c653e856eb5979,G4,sentenceLesson,legacy,G4|sentenceLesson,It's three o'clock. It's time for PE class.,0.7,24000,2,160,"Sun, 24 May 2026 23:40:34 GMT",ok,https://audio.bigmooneducation.com/21/21b00353568d1f9ae4503e1c99081171ee0cd07a650a67f6e8c653e856eb5979.mp3
0112ad63ed3e48a5d6c135f4e1ee0df9eec18913406c43ff24faf4bfa75c9959,G4,sentenceLesson,legacy,G4|sentenceLesson,A boy. He's tall and strong.,1,24000,2,128,"Tue, 26 May 2026 06:33:28 GMT",ok,https://audio.bigmooneducation.com/01/0112ad63ed3e48a5d6c135f4e1ee0df9eec18913406c43ff24faf4bfa75c9959.mp3
abd1c2cc027b911450c4782a6daf8d34be3d3df9ba40ac1f42a1f9c8a13ade76,G3,sentenceLesson,legacy,G3|sentenceLesson,How are you?,0.85,24000,2,128,"Mon, 20 Jul 2026 02:14:02 GMT",ok,https://audio.bigmooneducation.com/ab/abd1c2cc027b911450c4782a6daf8d34be3d3df9ba40ac1f42a1f9c8a13ade76.mp3
cb66c808dceb83f3bf402eb7274d2563ec4988ac51c021bc21585d3d045c552a,G3,sentenceLesson,legacy,G3|sentenceLesson,"Grapes and oranges, yes, I like!",0.7,24000,2,128,"Fri, 10 Jul 2026 04:46:32 GMT",ok,https://audio.bigmooneducation.com/cb/cb66c808dceb83f3bf402eb7274d2563ec4988ac51c021bc21585d3d045c552a.mp3
9dbe31823aebcc7d07e54b6e96385c1b27e3eb8bd739a1ced1fd3df019ea4fb3,G3,sentenceLesson,legacy,G3|sentenceLesson,I see thirteen kites.,1,24000,2,128,"Sat, 11 Jul 2026 10:18:53 GMT",ok,https://audio.bigmooneducation.com/9d/9dbe31823aebcc7d07e54b6e96385c1b27e3eb8bd739a1ced1fd3df019ea4fb3.mp3
e87831d2387119ec08e8a25a01335f794912573266fa619b837ff1b2d91f3f6d,G3,sentenceLesson,legacy,G3|sentenceLesson,"I'd like some, please. Here you are!",0.85,24000,2,128,"Tue, 21 Jul 2026 16:50:47 GMT",ok,https://audio.bigmooneducation.com/e8/e87831d2387119ec08e8a25a01335f794912573266fa619b837ff1b2d91f3f6d.mp3
65a336f4e18bf70a9921fd8bdcbc283089b44070703b73359a5a4aab2904e24d,G3,sentenceLesson,legacy,G3|sentenceLesson,It's so fat!,1,24000,2,128,"Sat, 11 Jul 2026 10:04:14 GMT",ok,https://audio.bigmooneducation.com/65/65a336f4e18bf70a9921fd8bdcbc283089b44070703b73359a5a4aab2904e24d.mp3
7b4cc849a13f0c1a1737957aba111bd9c8b8ac0f3d580e2dc3af15f000064f0f,G3,sentenceLesson,legacy,G3|sentenceLesson,"Thin and fat, long and short,",1,24000,2,128,"Sat, 11 Jul 2026 10:04:14 GMT",ok,https://audio.bigmooneducation.com/7b/7b4cc849a13f0c1a1737957aba111bd9c8b8ac0f3d580e2dc3af15f000064f0f.mp3
501bb3c440c5bc14c584f3b29c92f994c42e8e89bffa57b8415b50c1e4186b26,G3,sentenceLesson,legacy,G3|sentenceLesson,"One, two, three, candles for me!",0.85,24000,2,128,"Tue, 21 Jul 2026 16:56:44 GMT",ok,https://audio.bigmooneducation.com/50/501bb3c440c5bc14c584f3b29c92f994c42e8e89bffa57b8415b50c1e4186b26.mp3
21c17aadcd4599f3de28060581c09b24ea2ae9ded3bb55a47e4342c29275cb52,G3,sentenceLesson,legacy,G3|sentenceLesson,I see six plates.,1,24000,2,128,"Sat, 11 Jul 2026 03:12:04 GMT",ok,https://audio.bigmooneducation.com/21/21c17aadcd4599f3de28060581c09b24ea2ae9ded3bb55a47e4342c29275cb52.mp3
78cd4410bb4e0290e5d8768eb46c39d01e520c1a74709222fd56f247dfcbd3a0,G6,listening,legacy,G6|listening,At 3 o'clock.,1,24000,2,128,"Sun, 31 May 2026 06:06:00 GMT",ok,https://audio.bigmooneducation.com/78/78cd4410bb4e0290e5d8768eb46c39d01e520c1a74709222fd56f247dfcbd3a0.mp3
3d0ce7a37da4aaacfec54a29bd0d57847e901afa408044882937ac6734c92c50,G3,sentenceLesson,legacy,G3|sentenceLesson,"What's this? A cat, a cat!",1,24000,2,128,"Sat, 11 Jul 2026 03:00:12 GMT",ok,https://audio.bigmooneducation.com/3d/3d0ce7a37da4aaacfec54a29bd0d57847e901afa408044882937ac6734c92c50.mp3
03174c4f4617a044aac28f52aae8ba790b0eec5740dcb55d758befaa85355cd2,G3,sentenceLesson,legacy,G3|sentenceLesson,It's a pig.,0.85,24000,2,128,"Sun, 31 May 2026 01:56:16 GMT",ok,https://audio.bigmooneducation.com/03/03174c4f4617a044aac28f52aae8ba790b0eec5740dcb55d758befaa85355cd2.mp3
1ad4e90a14219d61b75b313e3d1c5d3615ee38a7bae6da7947bf958a0582eecc,G3,sentenceLesson,legacy,G3|sentenceLesson,Look at my face.,1,24000,2,128,"Sat, 11 Jul 2026 02:53:38 GMT",ok,https://audio.bigmooneducation.com/1a/1ad4e90a14219d61b75b313e3d1c5d3615ee38a7bae6da7947bf958a0582eecc.mp3
3ed0e97c10668755031ba50b43b177162c25a4e03f48bd42e52f0277f421eeec,G6,listening,legacy,G6|listening,How do you come to school?,1,24000,2,128,"Sat, 30 May 2026 14:26:48 GMT",ok,https://audio.bigmooneducation.com/3e/3ed0e97c10668755031ba50b43b177162c25a4e03f48bd42e52f0277f421eeec.mp3
1224fcffb426c1904c469ff38400773d00441dc253595b1d78832e7ffbca5e29,G6,listening,legacy,G6|listening,How do you feel?,1,24000,2,128,"Thu, 04 Jun 2026 01:10:04 GMT",ok,https://audio.bigmooneducation.com/12/1224fcffb426c1904c469ff38400773d00441dc253595b1d78832e7ffbca5e29.mp3
ad2ee052c741974a218ba2ec9f1393db3e6b74467da44f41c75dda62d5882e6e,G6,dialogue,legacy,G6|dialogue,How can I get to the science museum?,0.85,24000,2,128,"Sat, 30 May 2026 14:25:10 GMT",ok,https://audio.bigmooneducation.com/ad/ad2ee052c741974a218ba2ec9f1393db3e6b74467da44f41c75dda62d5882e6e.mp3
8f7928cad5c9e3b0be8f7b329eb8e1c0f770101545c0f9254555f8cd11020e7b,G6,chunk,legacy,G6|chunk,three years younger,0.85,24000,2,128,"Wed, 01 Jul 2026 05:41:48 GMT",ok,https://audio.bigmooneducation.com/8f/8f7928cad5c9e3b0be8f7b329eb8e1c0f770101545c0f9254555f8cd11020e7b.mp3
20b892c478788d28156a2b03b888399fd157f838fd8bdc95a96512a413b5cadb,G6,dialogue,legacy,G6|dialogue,"Usually, I come on foot.",0.85,24000,2,128,"Sat, 30 May 2026 14:27:28 GMT",ok,https://audio.bigmooneducation.com/20/20b892c478788d28156a2b03b888399fd157f838fd8bdc95a96512a413b5cadb.mp3
375852f0072ee0d44eed72d50adb63ed483e19dc506f4949aa742dd5d9a65ab3,G6,chunk,legacy,G6|chunk,a good idea,0.85,24000,2,128,"Wed, 01 Jul 2026 05:38:23 GMT",ok,https://audio.bigmooneducation.com/37/375852f0072ee0d44eed72d50adb63ed483e19dc506f4949aa742dd5d9a65ab3.mp3
8506627e77f21e052798c8a89052d0214d84d2cc0957d2fa20563e10de577681,G6,dialogue,legacy,G6|dialogue,Now I'm tall.,0.85,24000,2,128,"Thu, 02 Jul 2026 03:05:13 GMT",ok,https://audio.bigmooneducation.com/85/8506627e77f21e052798c8a89052d0214d84d2cc0957d2fa20563e10de577681.mp3
0a3834326e234fb23f5f8f63baa77c29a2a6ba0d20a80b95e4a0d87d9656f5cb,G6,chunk,legacy,G6|chunk,my younger sister,0.85,24000,2,128,"Wed, 01 Jul 2026 05:38:11 GMT",ok,https://audio.bigmooneducation.com/0a/0a3834326e234fb23f5f8f63baa77c29a2a6ba0d20a80b95e4a0d87d9656f5cb.mp3
cf896549acb4ac19a5eae7571289d72dea8a4a17a63936a866ef3112972229cf,G6,vocab,legacy,G6|vocab,hurt,0.85,24000,2,128,"Sun, 31 May 2026 20:23:53 GMT",ok,https://audio.bigmooneducation.com/cf/cf896549acb4ac19a5eae7571289d72dea8a4a17a63936a866ef3112972229cf.mp3
e3160522f987fea24257dc62e0f6a23782572abaf947e86b92f07f827bbf4150,G6,vocab,legacy,G6|vocab,science,0.95,24000,2,128,"Sat, 30 May 2026 09:16:12 GMT",ok,https://audio.bigmooneducation.com/e3/e3160522f987fea24257dc62e0f6a23782572abaf947e86b92f07f827bbf4150.mp3
f049376a8718ae381aa7ac9c7714d8459295554678e494bbcefdf8e658c57707,G6,vocab,legacy,G6|vocab,bookstore,0.85,24000,2,128,"Sat, 30 May 2026 09:12:31 GMT",ok,https://audio.bigmooneducation.com/f0/f049376a8718ae381aa7ac9c7714d8459295554678e494bbcefdf8e658c57707.mp3
d5c385b727ede873c7d4054c95732416315e7203ae23aaea5096a3c1f3569f53,G6,vocab,B1-new,G6|vocab,police officer,0.85,24000,2,128,"Sun, 26 Jul 2026 06:20:40 GMT",ok,https://audio.bigmooneducation.com/d5/d5c385b727ede873c7d4054c95732416315e7203ae23aaea5096a3c1f3569f53.mp3
b98813a19f04c6f390c1c0219ddfea410a9e5c5270849daa9cc9b92f00e8408d,G6,vocab,legacy,G6|vocab,by,0.85,24000,2,128,"Sat, 30 May 2026 14:25:35 GMT",ok,https://audio.bigmooneducation.com/b9/b98813a19f04c6f390c1c0219ddfea410a9e5c5270849daa9cc9b92f00e8408d.mp3
9b1641d587a2a3ebd0ad0abde8ea098b20a9ca387b8846e37601752ec8a22863,G6,vocab,legacy,G6|vocab,longer,0.95,24000,2,128,"Fri, 26 Jun 2026 08:21:48 GMT",ok,https://audio.bigmooneducation.com/9b/9b1641d587a2a3ebd0ad0abde8ea098b20a9ca387b8846e37601752ec8a22863.mp3
a8bfb50f3445a6ade61c1683a8f0bd95a07cef785b11f65bc58d674a81296373,G6,vocab,legacy,G6|vocab,ship,0.95,24000,2,128,"Sat, 30 May 2026 14:27:19 GMT",ok,https://audio.bigmooneducation.com/a8/a8bfb50f3445a6ade61c1683a8f0bd95a07cef785b11f65bc58d674a81296373.mp3
89f0caffcdbf1c21c65614ed69a12b6d977cd0bc09e6d8299259e9de84acd0b5,G6,vocab,B1-new,G6|vocab,hike,0.95,24000,2,128,"Sun, 26 Jul 2026 06:20:37 GMT",ok,https://audio.bigmooneducation.com/89/89f0caffcdbf1c21c65614ed69a12b6d977cd0bc09e6d8299259e9de84acd0b5.mp3
5de2a5c55a210f4353b89545ba331306a917d18bc0d18c132bd8393026e8636f,G6,vocab,B1-new,G6|vocab,had,0.85,24000,2,128,"Sun, 26 Jul 2026 06:20:48 GMT",ok,https://audio.bigmooneducation.com/5d/5de2a5c55a210f4353b89545ba331306a917d18bc0d18c132bd8393026e8636f.mp3
6f12377ff0d5514dc2f3c4dc52c4a5feca7d98dab444722366e2969fc7e80ab6,G6,vocab,legacy,G6|vocab,go cycling,0.85,24000,2,128,"Wed, 01 Jul 2026 05:40:34 GMT",ok,https://audio.bigmooneducation.com/6f/6f12377ff0d5514dc2f3c4dc52c4a5feca7d98dab444722366e2969fc7e80ab6.mp3
7c0f6a96bf88f0c13316532a54b53e9ccc616c25920d9ee0f2e886a1eec8ec81,G6,vocab,legacy,G6|vocab,heavier,0.85,24000,2,128,"Sun, 31 May 2026 20:36:29 GMT",ok,https://audio.bigmooneducation.com/7c/7c0f6a96bf88f0c13316532a54b53e9ccc616c25920d9ee0f2e886a1eec8ec81.mp3
4751c1c5cd62ead50990fd90c0363370e6e2fccad0131102347d6f33ae7d8c37,G6,vocab,legacy,G6|vocab,gym,0.85,24000,2,128,"Sun, 31 May 2026 20:23:53 GMT",ok,https://audio.bigmooneducation.com/47/4751c1c5cd62ead50990fd90c0363370e6e2fccad0131102347d6f33ae7d8c37.mp3
53eebf9cc79ff83a0fa017f717e6f565020afa5cf0727647643969c010ea826f,G6,vocab,legacy,G6|vocab,cinema,0.95,24000,2,128,"Sat, 30 May 2026 09:15:11 GMT",ok,https://audio.bigmooneducation.com/53/53eebf9cc79ff83a0fa017f717e6f565020afa5cf0727647643969c010ea826f.mp3
3fdcd41ffa8f79a81406ecca3d540b49527b27d057778659ecdb5ae38cc77ef1,G6,vocab,legacy,G6|vocab,had a cold,0.95,24000,2,128,"Fri, 26 Jun 2026 08:22:02 GMT",ok,https://audio.bigmooneducation.com/3f/3fdcd41ffa8f79a81406ecca3d540b49527b27d057778659ecdb5ae38cc77ef1.mp3
306565ad0fc4c90f954b29b458c0f1eb64e97c842c7c91d058a7df917a34be97,G6,vocab,legacy,G6|vocab,wear,0.85,24000,2,128,"Fri, 24 Jul 2026 11:58:09 GMT",ok,https://audio.bigmooneducation.com/30/306565ad0fc4c90f954b29b458c0f1eb64e97c842c7c91d058a7df917a34be97.mp3
011b30016b1401df668bb2ad5b0a2ed68edd65acb522301d9e2848dce42c18a9,G6,vocab,legacy,G6|vocab,badminton,0.95,24000,2,128,"Fri, 26 Jun 2026 08:22:32 GMT",ok,https://audio.bigmooneducation.com/01/011b30016b1401df668bb2ad5b0a2ed68edd65acb522301d9e2848dce42c18a9.mp3
20159cc3af1aa4e777f783c06ce50d1576a16c84a8acae0657020b48a8ec499f,G6,vocab,legacy,G6|vocab,factory,0.85,24000,2,128,"Thu, 04 Jun 2026 01:06:07 GMT",ok,https://audio.bigmooneducation.com/20/20159cc3af1aa4e777f783c06ce50d1576a16c84a8acae0657020b48a8ec499f.mp3
185293a7eef449591da5a39dedd5c71c032a14d41a8812483eb72d0070d768c5,G6,vocab,legacy,G6|vocab,taxi,0.95,24000,2,128,"Sat, 30 May 2026 14:27:19 GMT",ok,https://audio.bigmooneducation.com/18/185293a7eef449591da5a39dedd5c71c032a14d41a8812483eb72d0070d768c5.mp3
0f88e1391f03a1af042d4c0deab42ca409bce31ad35ded15c0e9c45e2e3d4ff5,G6,vocab,legacy,G6|vocab,went camping,0.95,24000,2,128,"Mon, 01 Jun 2026 04:06:46 GMT",ok,https://audio.bigmooneducation.com/0f/0f88e1391f03a1af042d4c0deab42ca409bce31ad35ded15c0e9c45e2e3d4ff5.mp3
c5f7464181052b2e272d6ffc7966e89df278c2e75e3b891c379a7f55f59d81ee,G5,listening,legacy,G5|listening,Do you like summer?,1,24000,2,128,"Sun, 12 Jul 2026 00:09:05 GMT",ok,https://audio.bigmooneducation.com/c5/c5f7464181052b2e272d6ffc7966e89df278c2e75e3b891c379a7f55f59d81ee.mp3
b4cd201ba50a1bbde338548140baf8435e003a3c416efc7eb22a76ac862eeda8,G5,listening,legacy,G5|listening,Mr Jones.,1,24000,2,128,"Wed, 08 Jul 2026 12:36:59 GMT",ok,https://audio.bigmooneducation.com/b4/b4cd201ba50a1bbde338548140baf8435e003a3c416efc7eb22a76ac862eeda8.mp3
90a9f2102ca1ed8cbb8f1ba37078f84e182a12bc3f96009b72bd6a422c99251b,G5,listening,legacy,G5|listening,When is the school trip?,1,24000,2,128,"Wed, 15 Jul 2026 05:07:44 GMT",ok,https://audio.bigmooneducation.com/90/90a9f2102ca1ed8cbb8f1ba37078f84e182a12bc3f96009b72bd6a422c99251b.mp3
580ae7586db3631952c44b9ce3a9498a1e1c736fa3e8477c117f9fae936d599b,G5,listening,legacy,G5|listening,"What can you do for the party, children?",1,24000,2,128,"Tue, 30 Jun 2026 02:53:36 GMT",ok,https://audio.bigmooneducation.com/58/580ae7586db3631952c44b9ce3a9498a1e1c736fa3e8477c117f9fae936d599b.mp3
382bab8eb07e4f123af250221328b40845c94f1ab71b5e7d41c7d040ddcdefb2,G5,listening,legacy,G5|listening,When is Dragon Boat Festival?,1,24000,2,128,"Sat, 11 Jul 2026 04:57:34 GMT",ok,https://audio.bigmooneducation.com/38/382bab8eb07e4f123af250221328b40845c94f1ab71b5e7d41c7d040ddcdefb2.mp3
a52cc9e1bdc80abf615a4a1b5d6185b5e8475971285fb59ca641d06e7758f48e,G5,dialogue,legacy,G5|dialogue,He's tall and strong.,0.85,24000,2,128,"Tue, 30 Jun 2026 03:12:48 GMT",ok,https://audio.bigmooneducation.com/a5/a52cc9e1bdc80abf615a4a1b5d6185b5e8475971285fb59ca641d06e7758f48e.mp3
490cbd7cf5a0a8b34e25104f5a8018192e5f372e42e33db6c34dbe957e62f1e5,G5,dialogue,legacy,G5|dialogue,What do you have on Mondays?,0.85,24000,2,128,"Tue, 30 Jun 2026 06:36:24 GMT",ok,https://audio.bigmooneducation.com/49/490cbd7cf5a0a8b34e25104f5a8018192e5f372e42e33db6c34dbe957e62f1e5.mp3
0d32c5d78b496c89d7f9132658ed660a7d39a8a44e2206aa4362263a1ba1a84d,G5,dialogue,legacy,G5|dialogue,Are there any lakes on the mountain?,0.85,24000,2,128,"Fri, 10 Jul 2026 23:54:13 GMT",ok,https://audio.bigmooneducation.com/0d/0d32c5d78b496c89d7f9132658ed660a7d39a8a44e2206aa4362263a1ba1a84d.mp3
0376ff009b07408dbd3766d2457cdc60af359ba19d3b84658ad618ac807172a7,G5,listening,legacy,G5|listening,No! It's his.,1,24000,2,128,"Mon, 20 Jul 2026 23:05:12 GMT",ok,https://audio.bigmooneducation.com/03/0376ff009b07408dbd3766d2457cdc60af359ba19d3b84658ad618ac807172a7.mp3
c23b468f7eeb43a55548e91c95d94145e4b1eb63667d82673fa6f9031db62147,G5,chunk,legacy,G5|chunk,a hard-working student,0.85,24000,2,128,"Thu, 23 Jul 2026 05:31:34 GMT",ok,https://audio.bigmooneducation.com/c2/c23b468f7eeb43a55548e91c95d94145e4b1eb63667d82673fa6f9031db62147.mp3
d88f370bf5fa4142a47b96406d5ae88f7493bd2d17f6c5d327b43d4e0126e762,G5,chunk,legacy,G5|chunk,my old friend,0.85,24000,2,128,"Tue, 21 Jul 2026 22:43:50 GMT",ok,https://audio.bigmooneducation.com/d8/d88f370bf5fa4142a47b96406d5ae88f7493bd2d17f6c5d327b43d4e0126e762.mp3
a2cfde78c3e4138d26b46d7202c95530ec82907e15b4a8aff06bcb1515bfcea1,G5,chunk,legacy,G5|chunk,Chinese kung fu,0.85,24000,2,128,"Thu, 23 Jul 2026 05:26:39 GMT",ok,https://audio.bigmooneducation.com/a2/a2cfde78c3e4138d26b46d7202c95530ec82907e15b4a8aff06bcb1515bfcea1.mp3
7c170daccbc17363d608f21584e02a9e7efb854787a9bc32252c5d1ed255e4eb,G5,chunk,legacy,G5|chunk,take a photo,0.85,24000,2,128,"Wed, 17 Jun 2026 06:42:28 GMT",ok,https://audio.bigmooneducation.com/7c/7c170daccbc17363d608f21584e02a9e7efb854787a9bc32252c5d1ed255e4eb.mp3
4bfccd8c0ed84d4b2a2e308514ad4eb4fc4f79facae280be5f05731af9795a0d,G5,chunk,legacy,G5|chunk,go for a walk in the park,0.85,24000,2,128,"Wed, 01 Jul 2026 05:39:40 GMT",ok,https://audio.bigmooneducation.com/4b/4bfccd8c0ed84d4b2a2e308514ad4eb4fc4f79facae280be5f05731af9795a0d.mp3
123c3a81dc66c946242b3a6bddfc0dbacb7dcb63a0406c629a1dc9ecdc85fd1b,G5,chunk,legacy,G5|chunk,early June,0.85,24000,2,128,"Thu, 23 Jul 2026 07:04:34 GMT",ok,https://audio.bigmooneducation.com/12/123c3a81dc66c946242b3a6bddfc0dbacb7dcb63a0406c629a1dc9ecdc85fd1b.mp3
ede65cbe71a904cd1fe30cd8ba53ee34b067045ff9608880e4c8a643bcb6e761,G5,vocab,legacy,G5|vocab,photo,0.9,24000,2,128,"Fri, 26 Jun 2026 08:19:01 GMT",ok,https://audio.bigmooneducation.com/ed/ede65cbe71a904cd1fe30cd8ba53ee34b067045ff9608880e4c8a643bcb6e761.mp3
01a1471c83aa94f06fb3f34c0abc7bad36c1a9acf12fd40bd85ea65e6deca740,G5,chunk,legacy,G5|chunk,"It's his, not mine",0.85,24000,2,128,"Tue, 21 Jul 2026 22:42:12 GMT",ok,https://audio.bigmooneducation.com/01/01a1471c83aa94f06fb3f34c0abc7bad36c1a9acf12fd40bd85ea65e6deca740.mp3
f8246c18f387095fdbdd5684f7c51029071cf85f1c6dd02c3c7526eaae285d58,G5,vocab,legacy,G5|vocab,clock,0.9,24000,2,128,"Fri, 26 Jun 2026 08:18:50 GMT",ok,https://audio.bigmooneducation.com/f8/f8246c18f387095fdbdd5684f7c51029071cf85f1c6dd02c3c7526eaae285d58.mp3
dbc64fcf85ae6ff39e56b300254b9f2ec3928dd9efd289a92e4dea925fb3207d,G5,vocab,legacy,G5|vocab,April,0.9,24000,2,128,"Fri, 26 Jun 2026 08:19:53 GMT",ok,https://audio.bigmooneducation.com/db/dbc64fcf85ae6ff39e56b300254b9f2ec3928dd9efd289a92e4dea925fb3207d.mp3
d21a95feabdd9a16e7cbc657b76ffccdf02c7e9455358268055a2eeb40c36805,G5,vocab,legacy,G5|vocab,Monday,0.9,24000,2,128,"Fri, 26 Jun 2026 08:18:04 GMT",ok,https://audio.bigmooneducation.com/d2/d21a95feabdd9a16e7cbc657b76ffccdf02c7e9455358268055a2eeb40c36805.mp3
b45b27eb813c58fb9318804a8e6cd3022cbeb57efad859d948bfcbe7af0f712c,G5,vocab,legacy,G5|vocab,ice cream,0.85,24000,2,128,"Wed, 01 Jul 2026 04:51:29 GMT",ok,https://audio.bigmooneducation.com/b4/b45b27eb813c58fb9318804a8e6cd3022cbeb57efad859d948bfcbe7af0f712c.mp3
c6bbd949bbde0c453f0d9bd05d9adc1710743e5b354ba19769c33d6d3278b34b,G5,vocab,legacy,G5|vocab,lake,0.85,24000,2,128,"Fri, 10 Jul 2026 07:44:00 GMT",ok,https://audio.bigmooneducation.com/c6/c6bbd949bbde0c453f0d9bd05d9adc1710743e5b354ba19769c33d6d3278b34b.mp3
ade9719c3102661041ad044e02feb23715ab7a234b768e4f8478923e71e627a4,G5,vocab,legacy,G5|vocab,theirs,0.85,24000,2,128,"Wed, 17 Jun 2026 06:43:04 GMT",ok,https://audio.bigmooneducation.com/ad/ade9719c3102661041ad044e02feb23715ab7a234b768e4f8478923e71e627a4.mp3
9c2be7d2c98225376623b550f38032cb3887ec2100999591b4339b07756766fa,G5,vocab,legacy,G5|vocab,strict,0.85,24000,2,128,"Sun, 31 May 2026 05:09:09 GMT",ok,https://audio.bigmooneducation.com/9c/9c2be7d2c98225376623b550f38032cb3887ec2100999591b4339b07756766fa.mp3
a501dc1a7cd5cedf19e6b559b6aed5c113dffe279d6c1df82edc6224642542e8,G5,vocab,legacy,G5|vocab,have … class,0.9,24000,2,128,"Fri, 26 Jun 2026 08:19:21 GMT",ok,https://audio.bigmooneducation.com/a5/a501dc1a7cd5cedf19e6b559b6aed5c113dffe279d6c1df82edc6224642542e8.mp3
93609700bbd56bc350045c2721fcc1b0687ffb57242ceaeab85bebf0d6834ea8,G5,vocab,legacy,G5|vocab,sing,0.85,24000,2,128,"Thu, 09 Jul 2026 11:27:38 GMT",ok,https://audio.bigmooneducation.com/93/93609700bbd56bc350045c2721fcc1b0687ffb57242ceaeab85bebf0d6834ea8.mp3
8c4022958adb9afe43d90971b1c46c1ac286dec39f2be81b2ea229ce4663718f,G5,vocab,legacy,G5|vocab,April,0.85,24000,2,128,"Wed, 01 Jul 2026 05:40:00 GMT",ok,https://audio.bigmooneducation.com/8c/8c4022958adb9afe43d90971b1c46c1ac286dec39f2be81b2ea229ce4663718f.mp3
6d58ce322566abba11f62e44c95a585af6e5e3da74a34c8de94600b3376ba0f4,G5,vocab,legacy,G5|vocab,mine,0.9,24000,2,128,"Fri, 26 Jun 2026 08:20:20 GMT",ok,https://audio.bigmooneducation.com/6d/6d58ce322566abba11f62e44c95a585af6e5e3da74a34c8de94600b3376ba0f4.mp3
546c9bc7282abed24618ae029f70be33d305d8b3d3dff44e2852cf27610ca44e,G5,vocab,legacy,G5|vocab,helpful,0.9,24000,2,128,"Sun, 31 May 2026 05:09:33 GMT",ok,https://audio.bigmooneducation.com/54/546c9bc7282abed24618ae029f70be33d305d8b3d3dff44e2852cf27610ca44e.mp3
77fc5091f12f8451a02a1191c9e07134a3c4cadd7181a3d2998103917a2384ec,G5,vocab,legacy,G5|vocab,Wednesday,0.9,24000,2,128,"Fri, 26 Jun 2026 08:18:07 GMT",ok,https://audio.bigmooneducation.com/77/77fc5091f12f8451a02a1191c9e07134a3c4cadd7181a3d2998103917a2384ec.mp3
46e3ac3556455a8ec1e59ae9135166e1647120382880b7c8c8c033dae6c8674a,G5,vocab,legacy,G5|vocab,hard-working,0.9,24000,2,128,"Sun, 31 May 2026 05:09:33 GMT",ok,https://audio.bigmooneducation.com/46/46e3ac3556455a8ec1e59ae9135166e1647120382880b7c8c8c033dae6c8674a.mp3
64fc8baa85cb53618ab8d1be8f06e4a980c1ea6b64aa037c29c3574c31cf3267,G5,vocab,legacy,G5|vocab,sandwich,0.85,24000,2,128,"Sun, 14 Jun 2026 03:56:46 GMT",ok,https://audio.bigmooneducation.com/64/64fc8baa85cb53618ab8d1be8f06e4a980c1ea6b64aa037c29c3574c31cf3267.mp3
3bdc10b02e6f6d15002b04c5522358c0e387d934d70e16eccca984ad26134e14,G5,vocab,legacy,G5|vocab,having … class,0.85,24000,2,128,"Tue, 30 Jun 2026 02:40:10 GMT",ok,https://audio.bigmooneducation.com/3b/3bdc10b02e6f6d15002b04c5522358c0e387d934d70e16eccca984ad26134e14.mp3
36fc7454d327ed3c50472e591cf8a93c34a852219e3d01daa9e16fcf5abc6608,G5,vocab,legacy,G5|vocab,play sports,0.85,24000,2,128,"Fri, 10 Jul 2026 23:58:17 GMT",ok,https://audio.bigmooneducation.com/36/36fc7454d327ed3c50472e591cf8a93c34a852219e3d01daa9e16fcf5abc6608.mp3
31117a6853ce0e45b1c0085131711ef784711f0c3e6edff80964601862ad4e5a,G5,vocab,legacy,G5|vocab,keep to the right,0.9,24000,2,128,"Fri, 26 Jun 2026 08:20:45 GMT",ok,https://audio.bigmooneducation.com/31/31117a6853ce0e45b1c0085131711ef784711f0c3e6edff80964601862ad4e5a.mp3
22e99a71db58ef5dc78de45c217631afd46fa67713c94558fda7e5467c1cc43a,G5,vocab,legacy,G5|vocab,bridge,0.85,24000,2,128,"Fri, 10 Jul 2026 07:44:00 GMT",ok,https://audio.bigmooneducation.com/22/22e99a71db58ef5dc78de45c217631afd46fa67713c94558fda7e5467c1cc43a.mp3
1443bfccf3ce7631692d85ebd19252625b2397a097a11926a2f64cac8bc5b52b,G5,vocab,legacy,G5|vocab,strict,0.9,24000,2,128,"Fri, 26 Jun 2026 08:17:57 GMT",ok,https://audio.bigmooneducation.com/14/1443bfccf3ce7631692d85ebd19252625b2397a097a11926a2f64cac8bc5b52b.mp3
023f80e7e9f3fca5089ef4a96738dad9f6a0f9359320ec974148b85758ccc9a9,G5,vocab,legacy,G5|vocab,water bottle,0.9,24000,2,128,"Fri, 26 Jun 2026 08:18:58 GMT",ok,https://audio.bigmooneducation.com/02/023f80e7e9f3fca5089ef4a96738dad9f6a0f9359320ec974148b85758ccc9a9.mp3
f3d30e96e4fb271fd2807dba6edefe268e35e133c5e94c244dc6b009d860c0b6,G4,listening,legacy,G4|listening,Is it windy?,1,24000,2,128,"Wed, 01 Jul 2026 03:22:05 GMT",ok,https://audio.bigmooneducation.com/f3/f3d30e96e4fb271fd2807dba6edefe268e35e133c5e94c244dc6b009d860c0b6.mp3
08ee31419dce17f093564ef5b3f57aef3ddd37552bf852e09ce0c91732275d8b,G5,vocab,legacy,G5|vocab,exercise,0.9,24000,2,128,"Fri, 26 Jun 2026 08:19:24 GMT",ok,https://audio.bigmooneducation.com/08/08ee31419dce17f093564ef5b3f57aef3ddd37552bf852e09ce0c91732275d8b.mp3
e6233efa330590d2351d13d7be7b9ba3b85eeebb9e9619412ccc5034bae3aec3,G4,listening,legacy,G4|listening,No. They're too small.,0.85,24000,2,128,"Tue, 26 May 2026 06:22:56 GMT",ok,https://audio.bigmooneducation.com/e6/e6233efa330590d2351d13d7be7b9ba3b85eeebb9e9619412ccc5034bae3aec3.mp3
d55e039898b172b446f1978ef39d067a187e59e07e9f2a6d4a1af5279f5a61d9,G4,listening,legacy,G4|listening,We have forty-five students.,1,24000,2,128,"Sun, 24 May 2026 03:48:28 GMT",ok,https://audio.bigmooneducation.com/d5/d55e039898b172b446f1978ef39d067a187e59e07e9f2a6d4a1af5279f5a61d9.mp3
c9ba2def069a554cd854a9980ebc96370ced3d7e851fc4ea6b7a8ba5ba7836b7,G4,listening,legacy,G4|listening,"No, they aren't. They're ducks.",1,24000,2,128,"Wed, 01 Jul 2026 08:49:51 GMT",ok,https://audio.bigmooneducation.com/c9/c9ba2def069a554cd854a9980ebc96370ced3d7e851fc4ea6b7a8ba5ba7836b7.mp3
c06257c4500a14a97cb7c64ca0ed7332d61d1ffd714281b023914e2a22affc8a,G4,listening,legacy,G4|listening,What time is it?,0.7,24000,2,128,"Sun, 24 May 2026 19:50:09 GMT",ok,https://audio.bigmooneducation.com/c0/c06257c4500a14a97cb7c64ca0ed7332d61d1ffd714281b023914e2a22affc8a.mp3
af10eaaf8a94e364d4a1d0cac609421d3c6cdc25ac1a21cb765676ea6dabfd29,G4,listening,legacy,G4|listening,It's twelve o'clock. It's time for lunch.,0.85,24000,2,160,"Sun, 24 May 2026 19:48:38 GMT",ok,https://audio.bigmooneducation.com/af/af10eaaf8a94e364d4a1d0cac609421d3c6cdc25ac1a21cb765676ea6dabfd29.mp3
9236e6e20516b22ae57fd831ce3cd19fe4f5273fadc20b918c0230bd16f96068,G4,listening,legacy,G4|listening,Let's clean the classroom!,1,24000,2,128,"Sat, 20 Jun 2026 14:06:44 GMT",ok,https://audio.bigmooneducation.com/92/9236e6e20516b22ae57fd831ce3cd19fe4f5273fadc20b918c0230bd16f96068.mp3
79d410e9bba9d826efd6000a53b70c04c5ff49705bc38b6f522adb53f3801ff2,G4,listening,legacy,G4|listening,It's 8 o'clock. It's time to go to school.,1,24000,2,160,"Sun, 24 May 2026 19:50:17 GMT",ok,https://audio.bigmooneducation.com/79/79d410e9bba9d826efd6000a53b70c04c5ff49705bc38b6f522adb53f3801ff2.mp3
60274c080cd28fea56171c0e779bd5acc27cddb5411c6c98fa05f4ac3239f3d5,G4,listening,legacy,G4|listening,Can I help you?,1,24000,2,128,"Wed, 08 Jul 2026 00:46:08 GMT",ok,https://audio.bigmooneducation.com/60/60274c080cd28fea56171c0e779bd5acc27cddb5411c6c98fa05f4ac3239f3d5.mp3
6f878d562f12eecdf359e2ae858199f804a99ba1722b97026b98233fe6783640,G4,listening,legacy,G4|listening,It's eighty-five yuan.,0.7,24000,2,128,"Wed, 08 Jul 2026 00:57:23 GMT",ok,https://audio.bigmooneducation.com/6f/6f878d562f12eecdf359e2ae858199f804a99ba1722b97026b98233fe6783640.mp3
515a1bbfb6d85ecb3b21cd8bc987148f2da0efaa31fd604d1bb530b692d645cb,G4,listening,legacy,G4|listening,They're just right!,0.85,24000,2,128,"Tue, 26 May 2026 06:22:56 GMT",ok,https://audio.bigmooneducation.com/51/515a1bbfb6d85ecb3b21cd8bc987148f2da0efaa31fd604d1bb530b692d645cb.mp3
485133afd1cb7aa7bdb02b8c7cdb62646112c4c10786a9ec649d80d6173655f7,G4,listening,legacy,G4|listening,It's sunny and warm.,0.7,24000,2,128,"Sun, 24 May 2026 20:17:24 GMT",ok,https://audio.bigmooneducation.com/48/485133afd1cb7aa7bdb02b8c7cdb62646112c4c10786a9ec649d80d6173655f7.mp3
3e2f05385e8b1ba75d5a850cb2a40216cfbd692ff8f940f9d4a06cfabde91cbe,G4,listening,legacy,G4|listening,Put on your shirt.,1,24000,2,128,"Wed, 01 Jul 2026 21:52:30 GMT",ok,https://audio.bigmooneducation.com/3e/3e2f05385e8b1ba75d5a850cb2a40216cfbd692ff8f940f9d4a06cfabde91cbe.mp3
2706992774009a2303e91a6465ec57c35316fa502982dc6d919e5770b3932f8d,G4,listening,legacy,G4|listening,My family has six people.,1,24000,2,128,"Tue, 30 Jun 2026 20:27:50 GMT",ok,https://audio.bigmooneducation.com/27/2706992774009a2303e91a6465ec57c35316fa502982dc6d919e5770b3932f8d.mp3
0c7d6b5b3b2d6e371c128512ec836e555238b832bbc7853a1529e8782e172b8b,G4,listening,legacy,G4|listening,"Are these yours, Mike?",1,24000,2,128,"Wed, 01 Jul 2026 21:52:30 GMT",ok,https://audio.bigmooneducation.com/0c/0c7d6b5b3b2d6e371c128512ec836e555238b832bbc7853a1529e8782e172b8b.mp3
353a3462763a1a254920cd51a6e350138a2c183c1ef6bd7f176d656c58b2507f,G4,listening,legacy,G4|listening,What's in it?,1,24000,2,128,"Sun, 24 May 2026 19:43:10 GMT",ok,https://audio.bigmooneducation.com/35/353a3462763a1a254920cd51a6e350138a2c183c1ef6bd7f176d656c58b2507f.mp3
1c836109d2b80af8949ad7d5f2ce5cd6b900e795f89178cb54ba02aaddb4bf11,G4,listening,legacy,G4|listening,Do you have a music room?,0.7,24000,2,128,"Thu, 28 May 2026 23:04:09 GMT",ok,https://audio.bigmooneducation.com/1c/1c836109d2b80af8949ad7d5f2ce5cd6b900e795f89178cb54ba02aaddb4bf11.mp3
00ded583cea83f62f7290bd81daf5aaafc7326639efeb9861d3f73e287e922d0,G4,listening,legacy,G4|listening,It's 8 o'clock. It's time to go to school.,0.85,24000,2,160,"Sun, 24 May 2026 19:49:57 GMT",ok,https://audio.bigmooneducation.com/00/00ded583cea83f62f7290bd81daf5aaafc7326639efeb9861d3f73e287e922d0.mp3
e91eb8f820b99b037f6bdd72191921c998d6ee8ec5823a695b2b3cafc25272b7,G4,dialogue,legacy,G4|dialogue,Hurry up! It's time for breakfast.,0.85,24000,2,128,"Sun, 24 May 2026 23:41:42 GMT",ok,https://audio.bigmooneducation.com/e9/e91eb8f820b99b037f6bdd72191921c998d6ee8ec5823a695b2b3cafc25272b7.mp3
79951062bc6d26dce341c61205fd4bd2e0791ac567478aef5bc130c0521b0100,G4,dialogue,legacy,G4|dialogue,What would you like?,0.85,24000,2,128,"Tue, 26 May 2026 07:31:22 GMT",ok,https://audio.bigmooneducation.com/79/79951062bc6d26dce341c61205fd4bd2e0791ac567478aef5bc130c0521b0100.mp3
c642fe5bfcb5bfd5835840233235f2a2c9cfa81443271c39e70bfc9eee38616f,G4,dialogue,legacy,G4|dialogue,Where's the cat?,0.85,24000,2,128,"Tue, 26 May 2026 07:31:16 GMT",ok,https://audio.bigmooneducation.com/c6/c642fe5bfcb5bfd5835840233235f2a2c9cfa81443271c39e70bfc9eee38616f.mp3
a430f2d45cc915a213ba2de305328eba379920668fb0f81ff3b4bb420447eba8,G4,dialogue,legacy,G4|dialogue,Let's clean the classroom!,0.85,24000,2,128,"Mon, 25 May 2026 04:46:44 GMT",ok,https://audio.bigmooneducation.com/a4/a430f2d45cc915a213ba2de305328eba379920668fb0f81ff3b4bb420447eba8.mp3
60ea21da2b35c6f01c2ebe1122e2afec7271e93e4cad25b70049469ec42b750f,G4,dialogue,legacy,G4|dialogue,Is she in the living room?,0.85,24000,2,128,"Tue, 26 May 2026 02:31:06 GMT",ok,https://audio.bigmooneducation.com/60/60ea21da2b35c6f01c2ebe1122e2afec7271e93e4cad25b70049469ec42b750f.mp3
321702674f437a09d25e682c29d5bcfa84e62924452b17e2a6a6dc188f39b7b2,G4,dialogue,legacy,G4|dialogue,Thank you. I'd like some beef and noodles.,0.85,24000,2,160,"Tue, 26 May 2026 07:31:24 GMT",ok,https://audio.bigmooneducation.com/32/321702674f437a09d25e682c29d5bcfa84e62924452b17e2a6a6dc188f39b7b2.mp3
41f382d7e30732c80700b567e33acb88c1cea2e3135409d5d1e840873a75cf27,G4,dialogue,legacy,G4|dialogue,Yes. This dress is pretty. How much is it?,0.85,24000,2,160,"Tue, 26 May 2026 06:22:57 GMT",ok,https://audio.bigmooneducation.com/41/41f382d7e30732c80700b567e33acb88c1cea2e3135409d5d1e840873a75cf27.mp3
21d12ede19a9c107601217834739f7261b71ef6d6a7abb3575a57f73520c563e,G4,dialogue,legacy,G4|dialogue,She's a nurse.,0.85,24000,2,128,"Tue, 26 May 2026 07:31:28 GMT",ok,https://audio.bigmooneducation.com/21/21d12ede19a9c107601217834739f7261b71ef6d6a7abb3575a57f73520c563e.mp3
e0efcd930e0b2aad0c195a6c85d8f3733b8c8fe955c9f4e6706039d14696fd6a,G4,chunk,legacy,G4|chunk,"come on, let's go",0.85,24000,2,128,"Wed, 08 Jul 2026 09:04:57 GMT",ok,https://audio.bigmooneducation.com/e0/e0efcd930e0b2aad0c195a6c85d8f3733b8c8fe955c9f4e6706039d14696fd6a.mp3
0b58fc1789060ce5ab266c7bb7a54eba9ec231de6b5c3dedf01e057610db67f9,G4,dialogue,legacy,G4|dialogue,Is this John's?,0.85,24000,2,128,"Mon, 25 May 2026 01:11:22 GMT",ok,https://audio.bigmooneducation.com/0b/0b58fc1789060ce5ab266c7bb7a54eba9ec231de6b5c3dedf01e057610db67f9.mp3
a43f83fbb1d00f1b1ac3b70de5df17aea266ceae11608456bae42a03b7288d57,G4,chunk,legacy,G4|chunk,in the living room,0.85,24000,2,128,"Wed, 08 Jul 2026 10:17:42 GMT",ok,https://audio.bigmooneducation.com/a4/a43f83fbb1d00f1b1ac3b70de5df17aea266ceae11608456bae42a03b7288d57.mp3
bf44df229ccfc86065d0c9277ed91885f3e7a327a48f910c81a3a2f59545f3b5,G4,chunk,legacy,G4|chunk,a pink skirt,0.85,24000,2,128,"Wed, 08 Jul 2026 08:17:03 GMT",ok,https://audio.bigmooneducation.com/bf/bf44df229ccfc86065d0c9277ed91885f3e7a327a48f910c81a3a2f59545f3b5.mp3
8feebab5fa8e790beade01248b7d775c4060913aa43e15a7756b941c0597ac15,G4,chunk,legacy,G4|chunk,Whose coat is this?,0.85,24000,2,128,"Mon, 25 May 2026 01:11:22 GMT",ok,https://audio.bigmooneducation.com/8f/8feebab5fa8e790beade01248b7d775c4060913aa43e15a7756b941c0597ac15.mp3
84f90df24f33b4e88fdd6b7ee57a2d4c51bc2b2f320d145def873e675dccc3e1,G4,chunk,legacy,G4|chunk,time to get up,0.85,24000,2,128,"Wed, 08 Jul 2026 12:04:03 GMT",ok,https://audio.bigmooneducation.com/84/84f90df24f33b4e88fdd6b7ee57a2d4c51bc2b2f320d145def873e675dccc3e1.mp3
43f349dc0c244f352437f45fbdb16bfb8872d83689442a0883f0c0c11e6dd1ac,G4,chunk,legacy,G4|chunk,a piece of candy,0.85,24000,2,128,"Wed, 08 Jul 2026 08:45:00 GMT",ok,https://audio.bigmooneducation.com/43/43f349dc0c244f352437f45fbdb16bfb8872d83689442a0883f0c0c11e6dd1ac.mp3
5718c67fcb140a2e79e5f8c98366381b3e891c886e734b1036c0074ed387a4b9,G4,chunk,legacy,G4|chunk,read the English book,0.85,24000,2,128,"Wed, 08 Jul 2026 08:39:41 GMT",ok,https://audio.bigmooneducation.com/57/5718c67fcb140a2e79e5f8c98366381b3e891c886e734b1036c0074ed387a4b9.mp3
0a2161d3519ccf0f1489cdddfd67df1f6a391929363f61f06abe2203dc707735,G4,chunk,legacy,G4|chunk,seven o'clock,0.85,24000,2,128,"Wed, 08 Jul 2026 08:48:26 GMT",ok,https://audio.bigmooneducation.com/0a/0a2161d3519ccf0f1489cdddfd67df1f6a391929363f61f06abe2203dc707735.mp3
28533bc426581fced60ec35b39aed3abca9e76d92c3a8cff4d1944eb349a2954,G4,chunk,legacy,G4|chunk,on the first floor,0.85,24000,2,128,"Wed, 08 Jul 2026 08:40:34 GMT",ok,https://audio.bigmooneducation.com/28/28533bc426581fced60ec35b39aed3abca9e76d92c3a8cff4d1944eb349a2954.mp3
e2a0c17eed5d6763dc7a96b6d5b2bae3ddb98b6599da9eb226929267e3a6beb4,G4,vocab,legacy,G4|vocab,cook,0.85,24000,2,128,"Tue, 26 May 2026 03:57:57 GMT",ok,https://audio.bigmooneducation.com/e2/e2a0c17eed5d6763dc7a96b6d5b2bae3ddb98b6599da9eb226929267e3a6beb4.mp3
ca899010836a2a17f5073b9f399007f078afe0a747407d703255b8e31d2c9bd4,G4,vocab,legacy,G4|vocab,tiger,0.85,24000,2,128,"Sun, 24 May 2026 18:48:24 GMT",ok,https://audio.bigmooneducation.com/ca/ca899010836a2a17f5073b9f399007f078afe0a747407d703255b8e31d2c9bd4.mp3
b3340589a4af234955de6f37633e65bbfab5a5ab7082135a484bb3fa8f3de224,G4,vocab,legacy,G4|vocab,coat,0.85,24000,2,128,"Mon, 25 May 2026 00:30:54 GMT",ok,https://audio.bigmooneducation.com/b3/b3340589a4af234955de6f37633e65bbfab5a5ab7082135a484bb3fa8f3de224.mp3
c0bcb555899cc5b7e9a1b2481a3455e68ec3dfbb56843ef4d41647d0207437c7,G4,vocab,legacy,G4|vocab,go home,0.85,24000,2,128,"Sun, 24 May 2026 18:38:58 GMT",ok,https://audio.bigmooneducation.com/c0/c0bcb555899cc5b7e9a1b2481a3455e68ec3dfbb56843ef4d41647d0207437c7.mp3
f106ac2eb599046fc82db8fcc96a77526c7cc41eda5b2b6c93c8f186ff7f6a3f,G4,vocab,legacy,G4|vocab,English class,0.85,24000,2,128,"Sun, 24 May 2026 18:38:59 GMT",ok,https://audio.bigmooneducation.com/f1/f106ac2eb599046fc82db8fcc96a77526c7cc41eda5b2b6c93c8f186ff7f6a3f.mp3
a702b2a67d0997fa7463b65cf69b874440c3b28a069637a87b07a549f00fed5b,G4,vocab,legacy,G4|vocab,candy,0.85,24000,2,128,"Mon, 25 May 2026 02:51:19 GMT",ok,https://audio.bigmooneducation.com/a7/a702b2a67d0997fa7463b65cf69b874440c3b28a069637a87b07a549f00fed5b.mp3
a10c097d405eca102042332273ca5f83ef4a9ba0ee33ba59cfaa046ee8204b60,G4,vocab,legacy,G4|vocab,help,0.85,24000,2,128,"Mon, 25 May 2026 02:49:08 GMT",ok,https://audio.bigmooneducation.com/a1/a10c097d405eca102042332273ca5f83ef4a9ba0ee33ba59cfaa046ee8204b60.mp3
932db4cf499b806b32967233af07130b00220907d2d3d707891261120583d329,G4,vocab,legacy,G4|vocab,breakfast,0.85,24000,2,128,"Sun, 24 May 2026 18:27:26 GMT",ok,https://audio.bigmooneducation.com/93/932db4cf499b806b32967233af07130b00220907d2d3d707891261120583d329.mp3
8705b085a93fcaabf7297cff35874227b430c61744b1bf7a64c6acd78fbcafcf,G4,vocab,legacy,G4|vocab,just a minute,0.85,24000,2,128,"Sun, 24 May 2026 18:38:58 GMT",ok,https://audio.bigmooneducation.com/87/8705b085a93fcaabf7297cff35874227b430c61744b1bf7a64c6acd78fbcafcf.mp3
7be55b48854c68c07d65e846add0d76402e6dbca245dd71e1e2d0f72358c7603,G4,vocab,legacy,G4|vocab,farmer,0.85,24000,2,128,"Sun, 24 May 2026 21:36:12 GMT",ok,https://audio.bigmooneducation.com/7b/7be55b48854c68c07d65e846add0d76402e6dbca245dd71e1e2d0f72358c7603.mp3
62dcd808861c25c3c2483a0f43433f3a65d4239ce4fc2142ea55dc6db08e1e7d,G4,vocab,legacy,G4|vocab,phone,0.85,24000,2,128,"Mon, 25 May 2026 00:27:27 GMT",ok,https://audio.bigmooneducation.com/62/62dcd808861c25c3c2483a0f43433f3a65d4239ce4fc2142ea55dc6db08e1e7d.mp3
6b124e7d48c3b39911f27056d798f981f9b2dbb919b891c60b0cc0b0a504997c,G4,vocab,legacy,G4|vocab,nice,0.85,24000,2,128,"Mon, 25 May 2026 01:18:23 GMT",ok,https://audio.bigmooneducation.com/6b/6b124e7d48c3b39911f27056d798f981f9b2dbb919b891c60b0cc0b0a504997c.mp3
56f23de45fb1f4aca74927b30ed9fe78030df37fbf57d6f660f92ad688ce4c26,G4,vocab,legacy,G4|vocab,hurry up,0.85,24000,2,128,"Sun, 24 May 2026 18:38:58 GMT",ok,https://audio.bigmooneducation.com/56/56f23de45fb1f4aca74927b30ed9fe78030df37fbf57d6f660f92ad688ce4c26.mp3
4a81eb1e31d38f842a57fd2162e22e9971e5c4d1907e1daaeb9401278719e452,G4,vocab,legacy,G4|vocab,fork,0.85,24000,2,128,"Tue, 26 May 2026 03:36:48 GMT",ok,https://audio.bigmooneducation.com/4a/4a81eb1e31d38f842a57fd2162e22e9971e5c4d1907e1daaeb9401278719e452.mp3
3e8aeb973a464ba503d3c5636c6dade52b078b820e18195c77d2bc28362e7034,G4,vocab,legacy,G4|vocab,mine,0.85,24000,2,128,"Mon, 25 May 2026 01:08:53 GMT",ok,https://audio.bigmooneducation.com/3e/3e8aeb973a464ba503d3c5636c6dade52b078b820e18195c77d2bc28362e7034.mp3
2fc7d7d3ebd87762623fe85c5c3e33034f6089cf2faa53e3b6e6c881c910c4b8,G4,vocab,legacy,G4|vocab,eat,0.85,24000,2,128,"Mon, 25 May 2026 00:34:22 GMT",ok,https://audio.bigmooneducation.com/2f/2fc7d7d3ebd87762623fe85c5c3e33034f6089cf2faa53e3b6e6c881c910c4b8.mp3
207fa60efa3f2d614539264db62d3bffbf13392154c8e8e203c531ef4983ed07,G4,vocab,legacy,G4|vocab,sheep,0.85,24000,2,128,"Mon, 25 May 2026 00:28:48 GMT",ok,https://audio.bigmooneducation.com/20/207fa60efa3f2d614539264db62d3bffbf13392154c8e8e203c531ef4983ed07.mp3
0bdf739cc50aa4285dd0ee513479e08ad2f7956d722d12d714d11b8c0ed618b2,G4,vocab,legacy,G4|vocab,shorts,0.85,24000,2,128,"Mon, 25 May 2026 01:08:53 GMT",ok,https://audio.bigmooneducation.com/0b/0bdf739cc50aa4285dd0ee513479e08ad2f7956d722d12d714d11b8c0ed618b2.mp3
16db69a46b9d3f7ebe4b5762040a7150facce89823cfecf3dd2180526e829437,G4,vocab,legacy,G4|vocab,living room,0.85,24000,2,128,"Mon, 25 May 2026 00:27:27 GMT",ok,https://audio.bigmooneducation.com/16/16db69a46b9d3f7ebe4b5762040a7150facce89823cfecf3dd2180526e829437.mp3
7ab00ea0ae94d31b254fdabc82632302fd9abef8e8636ab81a582a8a7c909ba6,G3,chunk,legacy,G3|chunk,a tall tree,0.85,24000,2,128,"Wed, 01 Jul 2026 05:39:36 GMT",ok,https://audio.bigmooneducation.com/7a/7ab00ea0ae94d31b254fdabc82632302fd9abef8e8636ab81a582a8a7c909ba6.mp3
e8bef1a43362d9c0c8593b6e5a5024021e451fe1a9ada678bc7357bd5f3cf318,G3,listening,legacy,G3|listening,He's my father.,1,24000,2,128,"Sat, 11 Jul 2026 09:59:50 GMT",ok,https://audio.bigmooneducation.com/e8/e8bef1a43362d9c0c8593b6e5a5024021e451fe1a9ada678bc7357bd5f3cf318.mp3
007f0d08b3fc95bd7f662a939b736528289a50002e39c27a8ad9390f43e0dbbd,G4,vocab,legacy,G4|vocab,notebook,0.85,24000,2,128,"Mon, 25 May 2026 02:51:20 GMT",ok,https://audio.bigmooneducation.com/00/007f0d08b3fc95bd7f662a939b736528289a50002e39c27a8ad9390f43e0dbbd.mp3
ad1a97341afb8916c0f72f41aaef6bd4b568fe97c8ab4a4798b735f738a66e47,G3,listening,legacy,G3|listening,Great!,1,24000,2,128,"Fri, 05 Jun 2026 12:58:25 GMT",ok,https://audio.bigmooneducation.com/ad/ad1a97341afb8916c0f72f41aaef6bd4b568fe97c8ab4a4798b735f738a66e47.mp3
893c6be9f53f2e65c1941fba1dc831a01ce3c723deaac4fc501d901591acced5,G3,listening,legacy,G3|listening,Sure.,1,24000,2,128,"Wed, 08 Jul 2026 00:46:09 GMT",ok,https://audio.bigmooneducation.com/89/893c6be9f53f2e65c1941fba1dc831a01ce3c723deaac4fc501d901591acced5.mp3
d00bb5a227747a0ec7e5db926804806fa1364b4ce3682a586cef7891b5464e27,G3,listening,legacy,G3|listening,Do you like apples?,0.7,24000,2,128,"Mon, 29 Jun 2026 05:16:11 GMT",ok,https://audio.bigmooneducation.com/d0/d00bb5a227747a0ec7e5db926804806fa1364b4ce3682a586cef7891b5464e27.mp3
6a72b7122c30a2dc4dd212a2d7b22db9b7c4b637a50a27edc54e27c211d6dccc,G3,listening,legacy,G3|listening,What's that?,1,24000,2,128,"Sun, 31 May 2026 20:15:42 GMT",ok,https://audio.bigmooneducation.com/6a/6a72b7122c30a2dc4dd212a2d7b22db9b7c4b637a50a27edc54e27c211d6dccc.mp3
a46cf79b29ef9130dcc88ef8334add0938f41c864c1f93c18d4206107f1f829e,G3,dialogue,legacy,G3|dialogue,Hello! I'm Chen Jie.,0.85,24000,2,128,"Sat, 23 May 2026 23:31:27 GMT",ok,https://audio.bigmooneducation.com/a4/a46cf79b29ef9130dcc88ef8334add0938f41c864c1f93c18d4206107f1f829e.mp3
018ebe9b6adebf397a7c9b203eaf83ff74a5362237ac110276c43c9d918daf09,G3,listening,legacy,G3|listening,Here you are.,1,24000,2,128,"Tue, 30 Jun 2026 15:04:28 GMT",ok,https://audio.bigmooneducation.com/01/018ebe9b6adebf397a7c9b203eaf83ff74a5362237ac110276c43c9d918daf09.mp3
570f2e6c28a17ea9d1837cd6c263f6585c1936e94a0313511c6291f40a15147a,G3,listening,legacy,G3|listening,Let's go to school.,0.7,24000,2,128,"Fri, 10 Jul 2026 04:46:08 GMT",ok,https://audio.bigmooneducation.com/57/570f2e6c28a17ea9d1837cd6c263f6585c1936e94a0313511c6291f40a15147a.mp3
497b992dc7fe16ab2c92384df2f450541335960a60e31609d8f51b341c9f62b2,G3,listening,legacy,G3|listening,Do you like pears?,0.7,24000,2,128,"Mon, 29 Jun 2026 05:16:11 GMT",ok,https://audio.bigmooneducation.com/49/497b992dc7fe16ab2c92384df2f450541335960a60e31609d8f51b341c9f62b2.mp3
7f91b51425e5190ac65f48a49b52b2a73ab84109937eee7712a26ad4f62ee010,G3,dialogue,legacy,G3|dialogue,Hello! I'm Mike.,0.85,24000,2,128,"Mon, 25 May 2026 09:06:44 GMT",ok,https://audio.bigmooneducation.com/7f/7f91b51425e5190ac65f48a49b52b2a73ab84109937eee7712a26ad4f62ee010.mp3
d846289e73f814d971534db64267a63d157970f5139b90329093d3995e1f70f2,G3,dialogue,legacy,G3|dialogue,It's a duck.,0.85,24000,2,128,"Sat, 23 May 2026 23:31:20 GMT",ok,https://audio.bigmooneducation.com/d8/d846289e73f814d971534db64267a63d157970f5139b90329093d3995e1f70f2.mp3
26cf4e64428556ca7aa8b6b0ff81bbc56cad21e7d68be844a5058af0d97ad52b,G3,dialogue,legacy,G3|dialogue,Let's make a puppet!,0.85,24000,2,128,"Sat, 23 May 2026 23:31:27 GMT",ok,https://audio.bigmooneducation.com/26/26cf4e64428556ca7aa8b6b0ff81bbc56cad21e7d68be844a5058af0d97ad52b.mp3
3e2932e4ade5e343450b78983dcda5589c4d0e855dfdb07670677d806489f824,G3,dialogue,legacy,G3|dialogue,"Fine, thank you.",0.85,24000,2,128,"Wed, 27 May 2026 17:20:16 GMT",ok,https://audio.bigmooneducation.com/3e/3e2932e4ade5e343450b78983dcda5589c4d0e855dfdb07670677d806489f824.mp3
eeeb0cf71037f9bdd7106d466a7ffa752da90ba795028c4c2f5d3bbceb142eac,G3,vocab,legacy,G3|vocab,hand,0.85,24000,2,128,"Sat, 23 May 2026 23:31:27 GMT",ok,https://audio.bigmooneducation.com/ee/eeeb0cf71037f9bdd7106d466a7ffa752da90ba795028c4c2f5d3bbceb142eac.mp3
06366b79d5fab7b8f9b94612e518bb835b4ed9d589b941b9c84f129ffac55ff9,G3,dialogue,legacy,G3|dialogue,Where is my map?,0.85,24000,2,128,"Fri, 12 Jun 2026 14:30:05 GMT",ok,https://audio.bigmooneducation.com/06/06366b79d5fab7b8f9b94612e518bb835b4ed9d589b941b9c84f129ffac55ff9.mp3
b21bdf79ae025788c50db034f02b5d553badd66af48cda2b0fad82bbc80f7dd2,G3,vocab,legacy,G3|vocab,face,0.75,24000,2,128,"Sat, 30 May 2026 22:42:08 GMT",ok,https://audio.bigmooneducation.com/b2/b21bdf79ae025788c50db034f02b5d553badd66af48cda2b0fad82bbc80f7dd2.mp3
d87b5638175af4ee384885d91c85f43bbb06325fbc1dc6730f4b8a99f9c69b29,G3,vocab,legacy,G3|vocab,blue,0.85,24000,2,128,"Sun, 24 May 2026 05:11:54 GMT",ok,https://audio.bigmooneducation.com/d8/d87b5638175af4ee384885d91c85f43bbb06325fbc1dc6730f4b8a99f9c69b29.mp3
e27412e54d63b79bbef62f63772ede1aef84dd5f25dfc3ea3a1d9ddbffe39aeb,G3,vocab,legacy,G3|vocab,thin,0.85,24000,2,128,"Sat, 30 May 2026 22:55:28 GMT",ok,https://audio.bigmooneducation.com/e2/e27412e54d63b79bbef62f63772ede1aef84dd5f25dfc3ea3a1d9ddbffe39aeb.mp3
9af3e5f1385852482bd4b809851b9c8983d9de47ff2cb20438770efa2d13102d,G3,vocab,legacy,G3|vocab,arm,0.85,24000,2,128,"Sat, 23 May 2026 23:31:27 GMT",ok,https://audio.bigmooneducation.com/9a/9af3e5f1385852482bd4b809851b9c8983d9de47ff2cb20438770efa2d13102d.mp3
c195881693d10b8297aba1417b325288bb5f701bc020fe229d1e1355b9a1ff19,G3,vocab,legacy,G3|vocab,cake,0.85,24000,2,128,"Sat, 30 May 2026 22:42:24 GMT",ok,https://audio.bigmooneducation.com/c1/c195881693d10b8297aba1417b325288bb5f701bc020fe229d1e1355b9a1ff19.mp3
a81dbecc3f804ed6c55543a84c2aaa4f09ca093a85713756503820524e3711ed,G3,vocab,legacy,G3|vocab,two,0.85,24000,2,128,"Sat, 23 May 2026 23:35:38 GMT",ok,https://audio.bigmooneducation.com/a8/a81dbecc3f804ed6c55543a84c2aaa4f09ca093a85713756503820524e3711ed.mp3
a2e8e356971b208bc4d9b61f326c66164bc75a4e879f3de8af06bf19564b81cf,G3,vocab,legacy,G3|vocab,red,0.85,24000,2,128,"Sun, 24 May 2026 05:11:55 GMT",ok,https://audio.bigmooneducation.com/a2/a2e8e356971b208bc4d9b61f326c66164bc75a4e879f3de8af06bf19564b81cf.mp3
8d4085a3e2f14dbe8ec23a6f41ec966a3b82c56ad94e6ff100fef49a1ab0862b,G3,vocab,legacy,G3|vocab,cake,0.75,24000,2,128,"Mon, 08 Jun 2026 13:00:56 GMT",ok,https://audio.bigmooneducation.com/8d/8d4085a3e2f14dbe8ec23a6f41ec966a3b82c56ad94e6ff100fef49a1ab0862b.mp3
89ba413cfd8ca0d6a23f5576cf269abfe3615b020c4d31b92851b2ab0acf406f,G3,vocab,legacy,G3|vocab,father,0.75,24000,2,128,"Tue, 09 Jun 2026 04:14:51 GMT",ok,https://audio.bigmooneducation.com/89/89ba413cfd8ca0d6a23f5576cf269abfe3615b020c4d31b92851b2ab0acf406f.mp3
85cc22d9adc6f02aeb4fba3acaf4a45a12cbab8461939fd84b70ac509fa53a17,G3,vocab,legacy,G3|vocab,one,0.75,24000,2,128,"Sat, 06 Jun 2026 14:18:35 GMT",ok,https://audio.bigmooneducation.com/85/85cc22d9adc6f02aeb4fba3acaf4a45a12cbab8461939fd84b70ac509fa53a17.mp3
5b2be8d7de3925c6bcc68f23a0f558b3d3942acd557e6701859446e2f39d0737,G3,vocab,legacy,G3|vocab,hand,0.75,24000,2,128,"Sat, 30 May 2026 22:42:07 GMT",ok,https://audio.bigmooneducation.com/5b/5b2be8d7de3925c6bcc68f23a0f558b3d3942acd557e6701859446e2f39d0737.mp3
757ebeb7a3c3875e234e6028a0d4c74b4d0e10a08ea7241782a59af51193c31c,G3,vocab,legacy,G3|vocab,water,0.75,24000,2,128,"Mon, 08 Jun 2026 13:00:55 GMT",ok,https://audio.bigmooneducation.com/75/757ebeb7a3c3875e234e6028a0d4c74b4d0e10a08ea7241782a59af51193c31c.mp3
4601cd2ef501bb8c4112767c6cefd84d253cfbdf646a3a3a68ff4c50686511f7,G3,vocab,legacy,G3|vocab,mouth,0.85,24000,2,128,"Sat, 23 May 2026 23:31:27 GMT",ok,https://audio.bigmooneducation.com/46/4601cd2ef501bb8c4112767c6cefd84d253cfbdf646a3a3a68ff4c50686511f7.mp3
6bf0dc72079dc0d3d744f11df8b6c4959e9640463116c3140a1979489f457cbe,G3,vocab,legacy,G3|vocab,buy,0.85,24000,2,128,"Sat, 30 May 2026 22:55:08 GMT",ok,https://audio.bigmooneducation.com/6b/6bf0dc72079dc0d3d744f11df8b6c4959e9640463116c3140a1979489f457cbe.mp3
567636bbdf25a9c560803e70c78132bc0af381a62dc23ae4fe23f62c32d10c2a,G3,vocab,legacy,G3|vocab,under,0.75,24000,2,128,"Sat, 20 Jun 2026 04:56:56 GMT",ok,https://audio.bigmooneducation.com/56/567636bbdf25a9c560803e70c78132bc0af381a62dc23ae4fe23f62c32d10c2a.mp3
1856a713bd4cbdcc860948adaa6f5ddcdc1c9485f4e36246a988e4be571854da,G3,vocab,legacy,G3|vocab,under,0.85,24000,2,128,"Thu, 04 Jun 2026 06:02:58 GMT",ok,https://audio.bigmooneducation.com/18/1856a713bd4cbdcc860948adaa6f5ddcdc1c9485f4e36246a988e4be571854da.mp3
3c1824b2a1aecb56692bcf3fc487036b184d86a53d89f96447be15b0b9400373,G3,vocab,legacy,G3|vocab,pencil box,0.75,24000,2,128,"Wed, 27 May 2026 17:56:18 GMT",ok,https://audio.bigmooneducation.com/3c/3c1824b2a1aecb56692bcf3fc487036b184d86a53d89f96447be15b0b9400373.mp3
228c3b5daa0289feca3c5bc78adc942467a641ef91eecad629ffce05926dfd0f,G3,vocab,legacy,G3|vocab,thin,0.75,24000,2,128,"Fri, 19 Jun 2026 02:00:35 GMT",ok,https://audio.bigmooneducation.com/22/228c3b5daa0289feca3c5bc78adc942467a641ef91eecad629ffce05926dfd0f.mp3
31f992f4d72f05e64449c598f3f7658ba7d26a193bfb78f54cca3680bafe26d9,G3,vocab,legacy,G3|vocab,in,0.75,24000,2,128,"Sat, 20 Jun 2026 04:56:55 GMT",ok,https://audio.bigmooneducation.com/31/31f992f4d72f05e64449c598f3f7658ba7d26a193bfb78f54cca3680bafe26d9.mp3
108e255ba088a844aecbce5f70806edfe99ee56ce8b02c1d818bfdebd8655757,G3,vocab,legacy,G3|vocab,pen,0.85,24000,2,128,"Sun, 24 May 2026 05:11:14 GMT",ok,https://audio.bigmooneducation.com/10/108e255ba088a844aecbce5f70806edfe99ee56ce8b02c1d818bfdebd8655757.mp3
005951584919368f70d054c44dbbc930b2735e8a2f13de0a5f743dc6c2d2a8db,G3,vocab,legacy,G3|vocab,six,0.75,24000,2,128,"Sat, 06 Jun 2026 14:18:35 GMT",ok,https://audio.bigmooneducation.com/00/005951584919368f70d054c44dbbc930b2735e8a2f13de0a5f743dc6c2d2a8db.mp3
4ea94b67895ff2b42a5081ada9361bf694b451004941dd1f3094785282c25c80,G3,vocab,legacy,G3|vocab,egg,0.75,24000,2,128,"Mon, 08 Jun 2026 13:00:56 GMT",ok,https://audio.bigmooneducation.com/4e/4ea94b67895ff2b42a5081ada9361bf694b451004941dd1f3094785282c25c80.mp3
